,TI,Group 16,xTi,yTi,xGroup16,yGroup16
0,1.0,0.0,-2.338280439376831,4.085627555847168,,
1,1.0,1.0,-2.3303000926971436,4.1043500900268555,-2.319355388482411,4.067836066087087
2,1.0,1.0,-2.3278558254241943,4.110204219818115,-2.3417753774611416,4.1513382593871535
3,1.0,1.0,-2.34233021736145,4.110742568969727,-2.2866837454283893,4.144523211897793
4,1.0,1.0,,,-2.27971302704088,4.2212517163511745
5,1.0,1.0,-2.331590414047241,4.174849987030029,-2.277665512647993,4.061145092871827
6,1.0,1.0,-2.3378348350524902,4.172519683837891,-2.2631836294506398,4.086797398881211
7,1.0,1.0,-2.354741096496582,4.161205291748047,-2.246334632237086,4.042787134358092
8,1.0,1.0,-2.358067035675049,4.151095390319824,-2.246334632237086,4.042787134358092
9,1.0,1.0,-2.3352463245391846,4.156912803649902,-2.318075760708452,4.014970282895026
10,1.0,1.0,-2.3681352138519287,4.1310882568359375,-2.3922774237897535,4.044946415817041
11,1.0,1.0,-2.4021358489990234,4.1078314781188965,-2.277243046800726,4.079721426598418
12,1.0,1.0,-2.3638699054718018,4.121086120605469,-2.2447187186883277,4.078830464261725
13,1.0,1.0,-2.342880964279175,4.123485088348389,-2.231248763602458,4.09688351854098
14,1.0,1.0,-2.3013052940368652,4.140571594238281,-2.26742676358429,4.070296953718361
15,1.0,1.0,-2.3043529987335205,4.135427474975586,-2.265134295930464,4.081852645384957
16,1.0,1.0,-2.305771589279175,4.132064342498779,-2.157213837539811,4.150046904368245
17,1.0,1.0,-2.24503231048584,4.167081356048584,-2.1892921321600034,4.131610847248082
18,1.0,1.0,-2.202274799346924,4.1831207275390625,-2.1892921321600034,4.131610847248082
19,1.0,1.0,-2.2277159690856934,4.174540996551514,-2.167414687643086,4.119357913608527
20,1.0,1.0,-2.1882500648498535,4.186699867248535,-2.2370398996767578,4.118131158331099
21,1.0,1.0,-2.2374930381774902,4.157203674316406,-2.1924728810455325,4.142066509216861
22,1.0,1.0,-2.227116107940674,4.162291526794434,-2.2131742575227653,4.138025783074697
23,1.0,1.0,-2.213505268096924,4.174032688140869,-2.0924205279531995,4.136944350238683
24,1.0,1.0,-2.17284893989563,4.189198017120361,-2.213511068747051,4.101763347469181
25,1.0,1.0,-2.225076198577881,4.158912658691406,-2.1888385678335895,4.148714074206117
26,1.0,1.0,-2.2438089847564697,4.153065204620361,-2.1888385678335895,4.148714074206117
27,1.0,1.0,-2.2489614486694336,4.151122093200684,-2.059361741070797,4.1759100644072085
28,1.0,1.0,-2.182182550430298,4.18657922744751,-2.1976672818706486,4.111585315395853
29,1.0,1.0,-2.2359511852264404,4.154856204986572,-2.1976672818706486,4.111585315395853
30,1.0,1.0,-2.308225631713867,4.115323066711426,-2.256004175467929,4.089610063344388
31,1.0,1.0,-2.3025200366973877,4.1116719245910645,-2.194420336536824,4.104690753573449
32,1.0,1.0,-2.2860231399536133,4.120072841644287,-2.194420336536824,4.104690753573449
33,1.0,1.0,-2.270193099975586,4.121403694152832,-2.378639497631881,4.059293525490614
34,1.0,1.0,-2.3320209980010986,4.1038994789123535,-2.2420113548620844,4.084450956611981
35,1.0,1.0,-2.340304136276245,4.101909637451172,-2.35270035081829,4.027584679746339
36,1.0,1.0,-2.3565657138824463,4.08614444732666,-2.29353934918982,4.063183543507655
37,1.0,1.0,-2.328871726989746,4.096258163452148,-2.29353934918982,4.063183543507655
38,1.0,1.0,-2.336240768432617,4.092433452606201,-2.1953537604944264,4.104172538519043
39,1.0,1.0,-2.299057722091675,4.111691474914551,-2.309782522893426,4.05414646139086
40,1.0,1.0,-2.326019525527954,4.089418411254883,-2.309782522893426,4.05414646139086
41,1.0,1.0,-2.3662593364715576,4.066952705383301,-2.309782522893426,4.05414646139086
42,1.0,1.0,-2.36987566947937,4.059859752655029,-2.371102629164376,4.028559640075333
43,1.0,1.0,-2.3847477436065674,4.054667949676514,-2.371102629164376,4.028559640075333
44,1.0,1.0,-2.3781349658966064,4.05722188949585,-2.3006048423098675,4.034465782887494
45,1.0,1.0,-2.355393648147583,4.063899517059326,-2.202029447185264,4.087807168508402
46,1.0,1.0,-2.3509011268615723,4.063345909118652,-2.202029447185264,4.087807168508402
47,1.0,1.0,-2.338674545288086,4.065690040588379,-2.202029447185264,4.087807168508402
48,1.0,1.0,-2.3321282863616943,4.078950881958008,-2.202029447185264,4.087807168508402
49,1.0,1.0,-2.343322992324829,4.084723949432373,-2.285214685744847,4.058527915042575
50,1.0,1.0,-2.3207509517669678,4.092151165008545,-2.3848214123640887,4.046425625996748
51,1.0,1.0,-2.35317325592041,4.071554660797119,-2.3848214123640887,4.046425625996748
52,1.0,1.0,-2.3445169925689697,4.075775146484375,-2.2969148600806353,4.049047731479989
53,1.0,1.0,-2.35367751121521,4.068309307098389,-2.2969148600806353,4.049047731479989
54,1.0,1.0,-2.278684616088867,4.103927135467529,-2.2969148600806353,4.049047731479989
55,1.0,1.0,-2.2566308975219727,4.112473964691162,-2.2969148600806353,4.049047731479989
56,1.0,1.0,-2.256258010864258,4.112211227416992,-2.2969148600806353,4.049047731479989
57,1.0,1.0,-2.279046058654785,4.106894016265869,-2.2909395408083664,4.088097808464518
58,1.0,1.0,-2.2986960411071777,4.093899726867676,-2.2909395408083664,4.088097808464518
59,1.0,1.0,-2.2734158039093018,4.103271007537842,-2.2909395408083664,4.088097808464518
60,1.0,1.0,-2.2602455615997314,4.112191677093506,-2.2909395408083664,4.088097808464518
61,1.0,1.0,-2.2122950553894043,4.133310794830322,-2.2909395408083664,4.088097808464518
62,1.0,1.0,-2.235245943069458,4.119302749633789,-2.2909395408083664,4.088097808464518
63,1.0,1.0,-2.251985549926758,4.102477550506592,-2.2909395408083664,4.088097808464518
64,1.0,1.0,-2.238882541656494,4.109983921051025,-2.2909395408083664,4.088097808464518
65,1.0,1.0,-2.251234531402588,4.101921558380127,-2.2909395408083664,4.088097808464518
66,1.0,1.0,-2.248615264892578,4.094908714294434,-2.210946336628785,4.065107341677812
67,1.0,1.0,-2.2644200325012207,4.081284046173096,-2.166838172976168,4.089619244553693
68,1.0,1.0,-2.2348272800445557,4.090766429901123,-2.166838172976168,4.089619244553693
69,1.0,1.0,-2.2342569828033447,4.09190559387207,-2.166838172976168,4.089619244553693
70,1.0,1.0,-2.2290842533111572,4.100290298461914,-2.166838172976168,4.089619244553693
71,1.0,1.0,-2.2918498516082764,4.083637714385986,-2.166838172976168,4.089619244553693
72,1.0,1.0,-2.3269925117492676,4.067190170288086,-2.166838172976168,4.089619244553693
73,1.0,1.0,-2.344682455062866,4.076682090759277,-2.166838172976168,4.089619244553693
74,1.0,1.0,-2.3385698795318604,4.110230445861816,-2.2621729409573765,4.145325103617489
75,1.0,1.0,-2.323789119720459,4.133848667144775,-2.328084670397289,4.042679250606394
76,1.0,1.0,-2.3531434535980225,4.120116233825684,-2.284224765814747,4.081190430281012
77,1.0,1.0,-2.324091672897339,4.125256538391113,-2.3198901614711223,4.1975912042268435
78,1.0,1.0,-2.3330578804016113,4.132791996002197,-2.179100761773093,4.124114345586368
79,1.0,1.0,-2.304673433303833,4.155272960662842,-2.3220627088700714,4.060318643435561
80,1.0,1.0,-2.309378147125244,4.159230709075928,-2.2275549460124804,4.126185055451168
81,1.0,1.0,-2.3086698055267334,4.171329975128174,-2.2086047288753545,4.153333429073437
82,1.0,1.0,-2.304755210876465,4.182705402374268,-2.232063750590389,4.180451927095316
83,1.0,1.0,-2.306849956512451,4.190055847167969,-2.2275646811786114,4.238482874528365
84,1.0,1.0,-2.3329343795776367,4.183327674865723,-2.2782352129668637,4.109154735545617
85,1.0,1.0,-2.343007802963257,4.174881935119629,-2.2820448143135605,4.125560174482906
86,1.0,1.0,-2.349851131439209,4.175271987915039,-2.1971784090377535,4.110566181215776
87,1.0,1.0,-2.3087809085845947,4.185213088989258,-2.2261899771465314,4.092609023515371
88,1.0,1.0,-2.300302743911743,4.183271408081055,-2.2676315580852684,4.195388332557738
89,1.0,1.0,-2.3201403617858887,4.172828197479248,-2.1896995461536446,4.1436670275642795
90,1.0,1.0,-2.273637533187866,4.193961143493652,-2.1763344640137916,4.197455748406949
91,1.0,1.0,-2.2569496631622314,4.205432415008545,-2.1970758717049916,4.161774155790951
92,1.0,1.0,-2.2526323795318604,4.208943843841553,-2.172959103281883,4.125451254111016
93,1.0,1.0,-2.261126756668091,4.195061683654785,-2.1884014812314088,4.115457913829879
94,1.0,1.0,-2.2756216526031494,4.185652732849121,-2.291657144050796,4.116231621155365
95,1.0,1.0,-2.3105926513671875,4.161253452301025,-2.306513688752973,4.075034441084344
96,1.0,1.0,-2.3406012058258057,4.141735076904297,-2.306513688752973,4.075034441084344
97,1.0,1.0,-2.368396043777466,4.1302714347839355,-2.306513688752973,4.075034441084344
98,1.0,1.0,-2.325467824935913,4.159618854522705,-2.306513688752973,4.075034441084344
99,1.0,1.0,-2.349341869354248,4.145356178283691,-2.267266882752978,4.08950622990059
100,1.0,1.0,-2.3417768478393555,4.143458366394043,-2.2225356871706397,4.110215243126352
101,1.0,1.0,-2.3084280490875244,4.1693854331970215,-2.268213375004579,4.135234522412429
102,1.0,1.0,-2.309549570083618,4.175006866455078,-2.210625873188477,4.116113811441268
103,1.0,1.0,-2.2962069511413574,4.182863235473633,-2.2310108312650843,4.093049945885765
104,1.0,1.0,-2.3044700622558594,4.181547164916992,-2.265723548361,4.190671600382565
105,1.0,1.0,-2.2997488975524902,4.194111347198486,-2.3546342404394123,4.094778238499706
106,1.0,1.0,-2.3451411724090576,4.175934791564941,-2.253750268593377,4.20086101715576
107,1.0,1.0,-2.3319578170776367,4.192653656005859,-2.24257210369099,4.114211490025151
108,1.0,1.0,-2.305864095687866,4.199230194091797,-2.259867009060736,4.198733155286545
109,1.0,1.0,-2.289311170578003,4.203769683837891,-2.3103406645345985,4.062692893593368
110,1.0,1.0,-2.3022942543029785,4.18218994140625,-2.233753476245737,4.079481804391489
111,1.0,1.0,-2.2988357543945312,4.170386791229248,-2.2369377777858577,4.142431599995814
112,1.0,1.0,-2.2621824741363525,4.184206962585449,-2.2166823930345756,4.151008079530683
113,1.0,1.0,-2.2682316303253174,4.179378032684326,-2.2714444580992676,4.167910833191262
114,1.0,1.0,-2.2837681770324707,4.180233478546143,-2.211051153983042,4.154407686544033
115,1.0,1.0,-2.2863881587982178,4.17503547668457,-2.24481546798909,4.1030934479738805
116,1.0,1.0,-2.300879716873169,4.1639404296875,-2.278363337583549,4.111209939491415
117,1.0,1.0,-2.3013713359832764,4.161738872528076,-2.2596078258117216,4.125560085000795
118,1.0,1.0,-2.3033573627471924,4.149348258972168,-2.2766125997111777,4.122458209481128
119,1.0,1.0,-2.315121650695801,4.136451721191406,-2.293323491242853,4.112274378274962
120,1.0,1.0,-2.311809539794922,4.141149520874023,-2.2774300485067225,4.147495670224626
121,1.0,1.0,-2.327993392944336,4.140084266662598,-2.2774300485067225,4.147495670224626
122,1.0,1.0,-2.306903839111328,4.156198024749756,-2.037567120826515,4.16117043492859
123,1.0,1.0,-2.2748003005981445,4.172901630401611,-2.1813134858095404,4.11973457100353
124,1.0,1.0,-2.261396646499634,4.1811933517456055,-2.2276471133920857,4.207227974019354
125,1.0,1.0,-2.2560927867889404,4.184776782989502,-2.172304392531361,4.143958943350009
126,1.0,1.0,-2.269211530685425,4.182905197143555,-2.176764785068113,4.201282979419742
127,1.0,1.0,-2.2734086513519287,4.187136650085449,-2.3145543850396284,4.213998503892169
128,1.0,1.0,-2.288916826248169,4.193302631378174,-2.1382691659979054,4.225798117448976
129,1.0,1.0,-2.3000738620758057,4.196310043334961,-2.2761860403834464,4.121832263747573
130,1.0,1.0,-2.3273067474365234,4.184718608856201,-2.3090433117998357,4.206501175543586
131,1.0,1.0,-2.3561389446258545,4.179959774017334,-2.3090433117998357,4.206501175543586
132,1.0,1.0,-2.344550132751465,4.178339004516602,-2.223171582602431,4.109073615543898
133,1.0,1.0,-2.350796937942505,4.162039756774902,-2.2160565969716375,4.143401203860898
134,1.0,1.0,-2.3323285579681396,4.171023845672607,-2.2160565969716375,4.143401203860898
135,1.0,1.0,-2.328728199005127,4.173362731933594,-2.1416197971889117,4.169351883099643
136,1.0,1.0,-2.307048797607422,4.180053234100342,-2.2570151046819036,4.107145183123574
137,1.0,1.0,-2.3055734634399414,4.173023223876953,-2.2433080367166487,4.137184261274294
138,1.0,1.0,-2.311661958694458,4.172872543334961,-2.2058641293863195,4.273214451257605
139,1.0,1.0,-2.291628837585449,4.200865745544434,-2.2427975947495673,4.180122207858253
140,1.0,1.0,-2.3036463260650635,4.198545455932617,-2.1616021659351086,4.164924693837678
141,1.0,1.0,-2.2961299419403076,4.198065757751465,-2.2094661455271987,4.097864283141338
142,1.0,1.0,-2.2852299213409424,4.196549415588379,-2.182477786867393,4.056803385070665
143,1.0,1.0,-2.2896676063537598,4.185442924499512,-2.2144615463321506,4.086383677805971
144,1.0,1.0,-2.298121929168701,4.164931774139404,-2.267158730061727,4.077854061433561
145,1.0,1.0,-2.311821222305298,4.14948844909668,-2.2014634575368475,4.091831936952911
146,1.0,1.0,-2.2933123111724854,4.152251243591309,-2.2014634575368475,4.091831936952911
147,1.0,1.0,-2.284926414489746,4.152476787567139,-2.2014634575368475,4.091831936952911
148,1.0,1.0,-2.285705804824829,4.155111312866211,-2.1989898703292248,4.151968352864953
149,1.0,1.0,-2.2750797271728516,4.167883396148682,-2.2527125559267254,4.146783344148987
150,1.0,1.0,-2.2778141498565674,4.167113304138184,-2.268711136586099,4.132216088446807
151,1.0,1.0,-2.2875280380249023,4.163098335266113,-2.2208450250296443,4.153352549559901
152,1.0,1.0,-2.275219440460205,4.174872875213623,-2.176992529730134,4.221447918303532
153,1.0,1.0,-2.288639783859253,4.183095455169678,-2.1911114805989005,4.11977203854567
154,1.0,1.0,-2.264681339263916,4.196902275085449,-2.322214078610596,4.086158741888102
155,1.0,1.0,-2.3236000537872314,4.166607856750488,-2.2569106772500884,4.1330983756255835
156,1.0,1.0,-2.323338508605957,4.1722822189331055,-2.2557136814050613,4.105845499810854
157,1.0,1.0,-2.3085763454437256,4.178624629974365,-2.2584367269616274,4.158439658554019
158,1.0,1.0,-2.305255651473999,4.180218696594238,-2.2387970065570233,4.147098345713943
159,1.0,1.0,-2.3112378120422363,4.172927379608154,-2.287738700067676,4.107531356893356
160,1.0,1.0,-2.324908494949341,4.164046287536621,-2.1628798005230596,4.149100249210214
161,1.0,1.0,-2.30184006690979,4.172909736633301,-2.2272067079740325,4.1706168848247405
162,1.0,1.0,-2.2763619422912598,4.189411163330078,-2.1912622519565637,4.1769927460789
163,1.0,1.0,-2.2583158016204834,4.19643497467041,-2.232447932790503,4.1941282637436075
164,1.0,1.0,-2.2518510818481445,4.203732967376709,-2.225278816427272,4.1286127337511225
165,1.0,1.0,-2.2740094661712646,4.185080051422119,-2.2063613012769596,4.148798805682882
166,1.0,1.0,-2.305783987045288,4.165832996368408,-2.2003167663924006,4.1140531385167645
167,1.0,1.0,-2.2940921783447266,4.162134170532227,-2.196042328880438,4.139990338277794
168,1.0,1.0,-2.286083459854126,4.1692609786987305,-2.2380387724002717,4.076910666009182
169,1.0,1.0,-2.3023715019226074,4.150795936584473,-2.283837874447321,4.116748413809392
170,1.0,1.0,-2.3038225173950195,4.147629737854004,-2.283837874447321,4.116748413809392
171,1.0,1.0,-2.333392381668091,4.1303558349609375,-2.092912673295499,4.163599766369106
172,1.0,1.0,-2.264340877532959,4.170669078826904,-2.2705217542224,4.098243653526555
173,1.0,1.0,-2.275561571121216,4.163443565368652,-2.1725791828788874,4.1301936165082465
174,1.0,1.0,-2.2380735874176025,4.175724506378174,-2.0904275065036746,4.173372364825711
175,1.0,1.0,-2.2320480346679688,4.182071208953857,-2.223977992912873,4.158584109994869
176,1.0,1.0,-2.262160062789917,4.173426628112793,-2.2116361498263553,4.151666900780981
177,1.0,1.0,-2.3110554218292236,4.156503677368164,-2.2986289333759906,4.16920081811304
178,1.0,1.0,-2.335001230239868,4.15880823135376,-2.2036268261976497,4.246267055283741
179,1.0,1.0,-2.3167166709899902,4.1792144775390625,-2.2560692406765592,4.158378456384286
180,1.0,1.0,-2.3259775638580322,4.175468921661377,-2.225659972169449,4.128097452581283
181,1.0,1.0,-2.33349609375,4.167429447174072,-2.2250785544637735,4.184015224493532
182,1.0,1.0,-2.316659450531006,4.180985927581787,-2.2924096795929105,4.080335726165102
183,1.0,1.0,-2.327385902404785,4.165257453918457,-2.311306281761789,4.087284458649189
184,1.0,1.0,-2.330892562866211,4.154326438903809,-2.2739643914302166,4.081633358399196
185,1.0,1.0,-2.33046817779541,4.143310546875,-2.1830135234673174,4.160543369869227
186,1.0,1.0,-2.282442331314087,4.157626152038574,-2.247241717297755,4.08480521830313
187,1.0,1.0,-2.284482955932617,4.148866176605225,-2.216712940207592,4.120997370610144
188,1.0,1.0,-2.2864115238189697,4.153306484222412,-2.2130939381714074,4.155745653420526
189,1.0,1.0,-2.2936294078826904,4.156727313995361,-2.2076398413761398,4.112035928009896
190,1.0,1.0,-2.3049983978271484,4.144784450531006,-2.164050519938819,4.072311300601336
191,1.0,1.0,-2.296304941177368,4.136483192443848,-2.302238375943243,4.117177674256574
192,1.0,1.0,-2.320183753967285,4.124417781829834,-2.2708625751892524,4.04228592156234
193,1.0,1.0,-2.335272789001465,4.110913276672363,-2.2239377326970473,4.050577023962636
194,1.0,1.0,-2.3197712898254395,4.113893985748291,-2.2715583634205325,4.034359313529802
195,1.0,1.0,-2.323948383331299,4.1048264503479,-2.2597930500679277,4.029854267046056
196,1.0,1.0,-2.3288540840148926,4.107049942016602,-2.227113445164231,4.058840722254617
197,1.0,1.0,-2.3196847438812256,4.112632751464844,-2.1805592358928796,4.144618408447636
198,1.0,1.0,-2.3054940700531006,4.127283096313477,-2.2412680104968916,4.0517433657304895
199,1.0,1.0,-2.3068222999572754,4.122585296630859,-2.2356190626218386,4.079764861956102
200,1.0,1.0,-2.302211284637451,4.130111217498779,-2.191247668827647,4.082912799167249
201,1.0,1.0,-2.2809343338012695,4.150635242462158,-2.2019692570478098,4.123192512988072
202,1.0,1.0,-2.2508254051208496,4.176165580749512,-2.2679212937177584,4.071215745273806
203,1.0,1.0,-2.2873542308807373,4.160429954528809,-2.2757102684207977,4.117800174740469
204,1.0,1.0,-2.2898426055908203,4.162921905517578,-2.2757102684207977,4.117800174740469
205,1.0,1.0,-2.3321893215179443,4.136447429656982,-2.288680635320343,4.099880902446897
206,1.0,1.0,-2.3226265907287598,4.143296718597412,-2.3356192170245476,4.04501035064276
207,1.0,1.0,-2.3304665088653564,4.1327714920043945,-2.234210549825531,4.101129427183143
208,1.0,1.0,-2.3144383430480957,4.145786762237549,-2.229633738728189,4.151186354397772
209,1.0,1.0,-2.292205572128296,4.161069393157959,-2.275071560526135,4.168447706514869
210,1.0,1.0,-2.3008196353912354,4.159799098968506,-2.270748399233274,4.163678639297608
211,1.0,1.0,-2.301417112350464,4.163052558898926,-2.2947530182170564,4.1140015824646765
212,1.0,1.0,-2.339373826980591,4.142117977142334,-2.4294244741223556,4.113824250642322
213,1.0,1.0,-2.3686816692352295,4.125279903411865,-2.3310624651891847,4.125046304344016
214,1.0,1.0,-2.374006748199463,4.120474815368652,-2.3057195988980204,4.1068721309511655
215,1.0,1.0,-2.3502357006073,4.133811950683594,-2.2763208466224096,4.122793653416428
216,1.0,1.0,-2.336822032928467,4.14758825302124,-2.2776511265742303,4.098835526205645
217,1.0,1.0,-2.312232494354248,4.169341564178467,-2.32585697942982,4.1264772203459685
218,1.0,1.0,-2.334001064300537,4.159029006958008,-2.237131741560196,4.161868439039825
219,1.0,1.0,-2.2909514904022217,4.181282997131348,-2.2842281042153556,4.09447597666132
220,1.0,1.0,-2.30593204498291,4.169378757476807,-2.2956863987024474,4.069174355621429
221,1.0,1.0,-2.3138675689697266,4.165682315826416,-2.263143761198318,4.097686003152961
222,1.0,1.0,-2.312007427215576,4.16981315612793,-2.2367338441661233,4.168954024387903
223,1.0,1.0,-2.3009822368621826,4.1849565505981445,-2.2096850273796895,4.201624324065041
224,1.0,1.0,-2.293867826461792,4.18293571472168,-2.219076213783528,4.1267677758366235
225,1.0,1.0,-2.2657992839813232,4.189868450164795,-2.2198093795752913,4.092864709352352
226,1.0,1.0,-2.2830862998962402,4.182110786437988,-2.2570039689171617,4.190170960288404
227,1.0,1.0,-2.2827272415161133,4.1919732093811035,-2.2697820802728983,4.178709966999076
228,1.0,1.0,-2.2976772785186768,4.200690269470215,-2.2634399579007094,4.083475415147765
229,1.0,1.0,-2.314824342727661,4.193246841430664,-2.2350497503397864,4.183342403067074
230,1.0,1.0,-2.286381721496582,4.208112716674805,-2.2350497503397864,4.183342403067074
231,1.0,1.0,-2.276411533355713,4.2083611488342285,-2.2350497503397864,4.183342403067074
232,1.0,1.0,-2.2827320098876953,4.198935508728027,-2.3153533739449847,4.1465665628915716
233,1.0,1.0,-2.311556577682495,4.188892364501953,-2.3267065607525397,4.122034713679337
234,1.0,1.0,-2.3471765518188477,4.166529655456543,-2.1955146749670393,4.233710260285862
235,1.0,1.0,-2.298060655593872,4.2012715339660645,-2.2099660010383593,4.201489910936756
236,1.0,1.0,-2.312845468521118,4.180528163909912,-2.2181827513304073,4.307849504608912
237,1.0,1.0,-2.3041112422943115,4.183150768280029,-2.1690172884947923,4.129331414325088
238,1.0,1.0,-2.276078224182129,4.19403076171875,-2.2071163440185226,4.154461369498659
239,1.0,1.0,-2.2717952728271484,4.200824737548828,-2.3154022116716635,4.178694837140448
240,1.0,1.0,-2.3108761310577393,4.1901164054870605,-2.2743549576348134,4.172581739817815
241,1.0,1.0,-2.318956136703491,4.191951751708984,-2.362370934199771,4.143640676463016
242,1.0,1.0,-2.363273859024048,4.165956497192383,-2.3420844991200385,4.053777458940735
243,1.0,1.0,-2.3679745197296143,4.143845558166504,-2.3113554660862192,4.141580074837815
244,1.0,1.0,-2.3512392044067383,4.146729469299316,-2.31151874458417,4.118687902464523
245,1.0,1.0,-2.3474044799804688,4.142843246459961,-2.3336214264507267,4.058508633230609
246,1.0,1.0,-2.3305132389068604,4.147979736328125,-2.2344989008055856,4.144239543811748
247,1.0,1.0,-2.302312135696411,4.167519569396973,-2.2415552690617213,4.199494451504034
248,1.0,1.0,-2.277669906616211,4.178136825561523,-2.1868559117220405,4.114439177526981
249,1.0,1.0,-2.2708516120910645,4.163671493530273,-2.1868559117220405,4.114439177526981
250,1.0,1.0,-2.2822835445404053,4.141263008117676,-2.168265528705777,4.165311981994801
251,1.0,1.0,-2.2567601203918457,4.14665412902832,-2.2913625271027978,4.114753139538288
252,1.0,1.0,-2.2805256843566895,4.1366167068481445,-2.274990756071737,4.0661203960812164
253,1.0,1.0,-2.3062055110931396,4.118751525878906,-2.2384782171500337,4.124485260787796
254,1.0,1.0,-2.3049681186676025,4.120448112487793,-2.2384782171500337,4.124485260787796
255,1.0,1.0,-2.2949044704437256,4.122433662414551,-2.2384782171500337,4.124485260787796
256,1.0,1.0,-2.291330099105835,4.119409561157227,-2.257642185778116,4.1426241467744545
257,1.0,1.0,-2.2860851287841797,4.121021270751953,-2.2472419603625284,4.155803540379313
258,1.0,1.0,-2.2739808559417725,4.127359390258789,-2.1870165873807488,4.123180799882786
259,1.0,1.0,-2.249751091003418,4.14405632019043,-2.1780645832728536,4.181248225233164
260,1.0,1.0,-2.237874984741211,4.158109188079834,-2.0990576745869545,4.238163892681404
261,1.0,1.0,-2.175441026687622,4.200693130493164,-2.1521169309623174,4.297758063878546
262,1.0,1.0,-2.17185378074646,4.2127180099487305,-2.151902119372769,4.113674088207302
263,1.0,1.0,-2.1838245391845703,4.204751491546631,-2.2082690107160725,4.144530799691808
264,1.0,1.0,-2.215745210647583,4.184050559997559,-2.167373056547288,4.107578290392556
265,1.0,1.0,-2.2262771129608154,4.173390865325928,-2.1739810456564594,4.140572853728208
266,1.0,1.0,-2.2207560539245605,4.173774242401123,-2.153798227236316,4.206460064871671
267,1.0,1.0,-2.1974356174468994,4.196386337280273,-2.1074405232337394,4.249074944872598
268,1.0,1.0,-2.1764254570007324,4.223752498626709,-2.051637081754049,4.193441963730018
269,1.0,1.0,-2.143568754196167,4.243052005767822,-2.137669089527595,4.118093654901546
270,1.0,1.0,-2.163804292678833,4.242626190185547,-2.175909505552476,4.180674333252641
271,1.0,1.0,-2.2056784629821777,4.222811222076416,-2.1987661411027792,4.227302018826614
272,1.0,1.0,-2.2347161769866943,4.211127281188965,-2.1795543008459988,4.270291343846982
273,1.0,1.0,-2.2778234481811523,4.193100452423096,-2.1885196311335595,4.2847942741276155
274,1.0,1.0,-2.275855302810669,4.206995964050293,-2.2055315475328143,4.126147743135261
275,1.0,1.0,-2.2935688495635986,4.19875431060791,-2.1697580709237707,4.186617539527838
276,1.0,1.0,-2.260646104812622,4.206934452056885,-2.1567145486058887,4.211642180122792
277,1.0,1.0,-2.2413549423217773,4.208798885345459,-2.153762684291813,4.225532315013755
278,1.0,1.0,-2.2266666889190674,4.2166643142700195,-2.1583058985415176,4.226519467454532
279,1.0,1.0,-2.20124888420105,4.225525379180908,-2.152567085321099,4.290438569759872
280,1.0,1.0,-2.2124602794647217,4.224984169006348,-2.24176137855691,4.196594945324454
281,1.0,1.0,-2.2532150745391846,4.202991008758545,-2.1363391247759336,4.1309003318982
282,1.0,1.0,-2.2419581413269043,4.194411754608154,-2.214110457721784,4.204319584132119
283,1.0,1.0,-2.260138750076294,4.1796488761901855,-2.1199209699796153,4.060849598963122
284,1.0,1.0,-2.252074718475342,4.159966945648193,-2.0814054060273186,4.084449083992896
285,1.0,1.0,-2.2272627353668213,4.160531520843506,-2.174249279876755,4.090679778226282
286,1.0,1.0,-2.2358040809631348,4.157047748565674,-2.178266386528592,4.093188040314435
287,1.0,1.0,-2.245760202407837,4.156876087188721,-2.1911622900494634,4.098543359251372
288,1.0,1.0,-2.268218755722046,4.154310703277588,-2.2396507791579676,4.0655352766173785
289,1.0,1.0,-2.3087258338928223,4.133562088012695,-2.2859504602452274,4.195865572880748
290,1.0,1.0,-2.3393712043762207,4.124412536621094,-2.3557075195391373,4.098161539086268
291,1.0,1.0,-2.3700766563415527,4.1090168952941895,-2.268650976622063,4.210757621323212
292,1.0,1.0,-2.362846612930298,4.116936206817627,-2.277669345329235,4.100770174340882
293,1.0,1.0,-2.3773577213287354,4.106612682342529,-2.3364472611480656,4.095037676358147
294,1.0,1.0,-2.398498773574829,4.096529960632324,-2.2693374637104986,4.047720281568327
295,1.0,1.0,-2.3868114948272705,4.103857040405273,-2.239934543343379,4.101581830867989
296,1.0,1.0,-2.3390417098999023,4.130619049072266,-2.2927507944269627,4.047048102667667
297,1.0,1.0,-2.3123579025268555,4.140873908996582,-2.255569772402336,4.0591881369341145
298,1.0,1.0,-2.319575071334839,4.130995273590088,-2.233204133413124,4.0810820990098025
299,1.0,1.0,-2.327479124069214,4.120794296264648,-2.2119911926088918,4.208927930060769
300,1.0,1.0,-2.2957963943481445,4.151275634765625,-2.2188672012561224,4.117570726879919
301,1.0,1.0,-2.308905601501465,4.146340847015381,-2.279959204066064,4.100457497621273
302,1.0,1.0,-2.3341739177703857,4.135532855987549,-2.250084626888663,4.183879688225057
303,1.0,1.0,-2.3491172790527344,4.132501602172852,-2.324523490329696,4.176417007043796
304,1.0,1.0,-2.3607962131500244,4.140804290771484,-2.277802318086982,4.045805288070006
305,1.0,1.0,-2.3894760608673096,4.120367527008057,-2.356296268193814,4.046107325101751
306,1.0,1.0,-2.3878073692321777,4.111474990844727,-2.356296268193814,4.046107325101751
307,1.0,1.0,-2.39046049118042,4.101378917694092,-2.2640788343694633,4.042614266223628
308,1.0,1.0,-2.328639030456543,4.119924068450928,-2.2206474474153692,4.007190523942873
309,1.0,1.0,-2.315572500228882,4.1066694259643555,-2.3459085852418258,4.158021771166678
310,1.0,1.0,-2.2960619926452637,4.117180347442627,-2.1904669432514265,4.026703289639246
311,1.0,1.0,-2.291292667388916,4.104079246520996,-2.151718678000976,3.9863500451292597
312,1.0,1.0,-2.312981128692627,4.076394557952881,-2.151718678000976,3.9863500451292597
313,1.0,1.0,-2.2732913494110107,4.087484359741211,-2.151718678000976,3.9863500451292597
314,1.0,1.0,-2.2514498233795166,4.090936183929443,-2.1514601913949933,4.060917707239073
315,1.0,1.0,-2.218557596206665,4.116607666015625,-2.1514601913949933,4.060917707239073
316,1.0,1.0,-2.195221424102783,4.112545013427734,-2.1514601913949933,4.060917707239073
317,1.0,1.0,-2.1979880332946777,4.122403144836426,-2.245271236688776,4.077546561758972
318,1.0,1.0,-2.2119455337524414,4.139039516448975,-2.285770979647848,4.093707675018153
319,1.0,1.0,-2.2674145698547363,4.124021053314209,-2.270343996380861,4.048834289010261
320,1.0,1.0,-2.311438798904419,4.104617118835449,-2.2696373358672197,4.052792618282005
321,1.0,1.0,-2.334609270095825,4.09495210647583,-2.256234913455067,4.101656301222117
322,1.0,1.0,-2.331348180770874,4.108453750610352,-2.256234913455067,4.101656301222117
323,1.0,1.0,-2.2995481491088867,4.143815994262695,-2.228254192428039,4.071541968323677
324,1.0,1.0,-2.300625801086426,4.14802360534668,-2.3169138152049453,4.0142017539208785
325,1.0,1.0,-2.3326754570007324,4.1327900886535645,-2.3169138152049453,4.0142017539208785
326,1.0,1.0,-2.3356971740722656,4.126899719238281,-2.3169138152049453,4.0142017539208785
327,1.0,1.0,-2.3194079399108887,4.135064601898193,-2.3169138152049453,4.0142017539208785
328,1.0,1.0,-2.329545736312866,4.126115798950195,-2.3134307448270324,4.037046746077904
329,1.0,1.0,-2.358273506164551,4.108128070831299,-2.3134307448270324,4.037046746077904
330,1.0,1.0,-2.3399853706359863,4.121939182281494,-2.3134307448270324,4.037046746077904
331,1.0,1.0,-2.3395378589630127,4.122476577758789,-2.2606435571475356,4.124347220605437
332,1.0,1.0,-2.3156955242156982,4.140360355377197,-2.2626150702137564,4.047700401409689
333,1.0,1.0,-2.3392207622528076,4.116747856140137,-2.3837924467388416,3.9856560136787587
334,1.0,1.0,-2.372058629989624,4.097318649291992,-2.3837924467388416,3.9856560136787587
335,1.0,1.0,-2.3309404850006104,4.113457202911377,-2.3837924467388416,3.9856560136787587
336,1.0,1.0,-2.3161275386810303,4.120152950286865,-2.2945124567001187,4.048771014786065
337,1.0,1.0,-2.2915384769439697,4.136199474334717,-2.3038999113082035,4.107317697399057
338,1.0,1.0,-2.296659231185913,4.145724773406982,-2.3324668551868974,4.039183289935389
339,1.0,1.0,-2.313711643218994,4.135104179382324,-2.305858233346916,4.126532683715273
340,1.0,1.0,-2.336310625076294,4.128894805908203,-2.2877202232647735,4.103728684221796
341,1.0,1.0,-2.3355143070220947,4.135835647583008,-2.286540367563223,4.115760013410656
342,1.0,1.0,-2.3585896492004395,4.1281256675720215,-2.339144034402585,4.183953909787582
343,1.0,1.0,-2.3545844554901123,4.1391682624816895,-2.41712477724096,4.139224851037891
344,1.0,1.0,-2.3841896057128906,4.121634483337402,-2.2722622484064554,4.045064024433106
345,1.0,1.0,-2.3771719932556152,4.116434574127197,-2.1990452283768325,4.110991073051011
346,1.0,1.0,-2.3212735652923584,4.144258499145508,-2.2813638619264793,4.104464702489541
347,1.0,1.0,-2.2924985885620117,4.149233818054199,-2.2563000250984078,4.0699550941008535
348,1.0,1.0,-2.3114044666290283,4.136988639831543,-2.3164471484745257,4.102998592462525
349,1.0,1.0,-2.330775737762451,4.129290580749512,-2.326027589649034,4.1421535800669105
350,1.0,1.0,-2.3404393196105957,4.135270595550537,-2.2007504617684095,4.115047236893778
351,1.0,1.0,-2.3287296295166016,4.141117095947266,-2.230349978330493,4.086218356631529
352,1.0,1.0,-2.321249485015869,4.142707347869873,-2.2231270650134594,4.130292780125164
353,1.0,1.0,-2.3136422634124756,4.154675483703613,-2.243275627270268,4.126141896675439
354,1.0,1.0,-2.3009302616119385,4.166236877441406,-2.2254655718945715,4.117537163539149
355,1.0,1.0,-2.2872419357299805,4.17373514175415,-2.2775924653560566,4.134660188958053
356,1.0,1.0,-2.3079073429107666,4.164081573486328,-2.2075372036850553,4.212796318069283
