,Number Of People,Iteration,Runtime
0,1,1,8
1,1,2,2
2,1,3,6
3,1,4,1
4,1,5,7
5,1,6,3
6,1,7,3
7,1,8,2
8,1,9,7
9,1,10,2
10,1,11,8
11,1,12,0
12,1,13,7
13,1,14,6
14,1,15,5
15,1,16,2
16,1,17,6
17,1,18,6
18,1,19,5
19,1,20,10
20,1,21,3
21,1,22,6
22,1,23,10
23,1,24,9
24,1,25,4
25,1,26,7
26,1,27,2
27,1,28,6
28,1,29,8
29,1,30,2
30,1,31,2
31,1,32,6
32,1,33,1
33,1,34,4
34,1,35,7
35,1,36,0
36,1,37,7
37,1,38,5
38,1,39,7
39,1,40,0
40,1,41,4
41,1,42,7
42,1,43,6
43,1,44,6
44,1,45,3
45,1,46,7
46,1,47,5
47,1,48,6
48,1,49,3
49,1,50,6
50,1,51,10
51,1,52,8
52,1,53,8
53,1,54,0
54,1,55,1
55,1,56,1
56,1,57,0
57,1,58,2
58,1,59,2
59,1,60,5
60,1,61,7
61,1,62,5
62,1,63,8
63,1,64,4
64,1,65,2
65,1,66,3
66,1,67,6
67,1,68,5
68,1,69,1
69,1,70,2
70,1,71,8
71,1,72,10
72,1,73,3
73,1,74,4
74,1,75,9
75,1,76,8
76,1,77,0
77,1,78,10
78,1,79,5
79,1,80,3
80,1,81,10
81,1,82,10
82,1,83,10
83,1,84,7
84,1,85,10
85,1,86,2
86,1,87,6
87,1,88,2
88,1,89,0
89,1,90,1
90,1,91,5
91,1,92,7
92,1,93,3
93,1,94,2
94,1,95,4
95,1,96,3
96,1,97,3
97,1,98,5
98,1,99,3
99,1,100,7
100,1,101,5
101,1,102,3
102,1,103,4
103,1,104,10
104,1,105,5
105,1,106,9
106,1,107,4
107,1,108,0
108,1,109,6
109,1,110,1
110,1,111,1
111,1,112,4
112,1,113,2
113,1,114,7
114,1,115,5
115,1,116,3
116,1,117,8
117,1,118,6
118,1,119,7
119,1,120,5
120,1,121,7
121,1,122,8
122,1,123,10
123,1,124,10
124,1,125,10
125,1,126,0
126,1,127,3
127,1,128,9
128,1,129,0
129,1,130,6
130,1,131,4
131,1,132,2
132,1,133,3
133,1,134,10
134,1,135,8
135,1,136,2
136,1,137,9
137,1,138,2
138,1,139,3
139,1,140,4
140,1,141,8
141,1,142,0
142,1,143,0
143,1,144,9
144,1,145,7
145,1,146,9
146,1,147,1
147,1,148,0
148,1,149,3
149,1,150,5
150,1,151,9
151,1,152,7
152,1,153,7
153,1,154,8
154,1,155,0
155,1,156,3
156,1,157,8
157,1,158,0
158,1,159,8
159,1,160,7
160,1,161,7
161,1,162,10
162,1,163,1
163,1,164,2
164,1,165,1
165,1,166,9
166,1,167,3
167,1,168,1
168,1,169,3
169,1,170,3
170,1,171,2
171,1,172,6
172,1,173,5
173,1,174,5
174,1,175,7
175,1,176,6
176,1,177,5
177,1,178,5
178,1,179,4
179,1,180,10
180,1,181,7
181,1,182,8
182,1,183,0
183,1,184,10
184,1,185,10
185,1,186,1
186,1,187,10
187,1,188,2
188,1,189,4
189,1,190,2
190,1,191,2
191,1,192,2
192,1,193,1
193,1,194,9
194,1,195,0
195,1,196,6
196,1,197,4
197,1,198,4
198,1,199,5
199,1,200,8
200,1,201,7
201,1,202,9
202,1,203,0
203,1,204,3
204,1,205,2
205,1,206,8
206,1,207,4
207,1,208,10
208,1,209,7
209,1,210,0
210,1,211,7
211,1,212,7
212,1,213,7
213,1,214,1
214,1,215,4
215,1,216,10
216,1,217,8
217,1,218,1
218,1,219,8
219,1,220,1
220,1,221,1
221,1,222,10
222,1,223,1
223,1,224,2
224,1,225,4
225,1,226,7
226,1,227,0
227,1,228,4
228,1,229,6
229,1,230,1
230,1,231,3
231,1,232,5
232,1,233,4
233,1,234,7
234,1,235,2
235,1,236,3
236,1,237,10
237,1,238,0
238,1,239,0
239,1,240,6
240,1,241,10
241,1,242,3
242,1,243,5
243,1,244,10
244,1,245,8
245,1,246,7
246,1,247,8
247,1,248,8
248,1,249,6
249,1,250,9
250,1,251,10
251,1,252,2
252,1,253,3
253,1,254,6
254,1,255,9
255,1,256,6
256,1,257,0
257,1,258,2
258,1,259,6
259,1,260,4
260,1,261,6
261,1,262,1
262,1,263,2
263,1,264,0
264,1,265,8
265,1,266,7
266,1,267,4
267,1,268,6
268,1,269,2
269,1,270,2
270,1,271,3
271,1,272,4
272,1,273,1
273,1,274,6
274,1,275,0
275,1,276,1
276,1,277,8
277,1,278,7
278,1,279,7
279,1,280,3
280,1,281,2
281,1,282,5
282,1,283,0
283,1,284,5
284,1,285,9
285,1,286,8
286,1,287,5
287,1,288,2
288,1,289,5
289,1,290,8
290,1,291,9
291,1,292,7
292,1,293,4
293,1,294,8
294,1,295,7
295,1,296,7
296,1,297,10
297,1,298,9
298,1,299,7
299,1,300,9
300,1,301,4
301,1,302,0
302,1,303,8
303,1,304,9
304,1,305,7
305,1,306,1
306,1,307,2
307,1,308,7
308,1,309,6
309,1,310,10
310,1,311,1
311,1,312,9
312,1,313,1
313,1,314,3
314,1,315,1
315,1,316,10
316,1,317,4
317,1,318,9
318,1,319,7
319,1,320,6
320,1,321,3
321,1,322,8
322,1,323,0
323,1,324,8
324,1,325,3
325,1,326,1
326,1,327,0
327,1,328,7
328,1,329,2
329,1,330,7
330,1,331,2
331,1,332,9
332,1,333,2
333,1,334,2
334,1,335,3
335,1,336,10
336,1,337,9
337,1,338,9
338,1,339,7
339,1,340,8
340,1,341,6
341,1,342,9
342,1,343,10
343,1,344,7
344,1,345,7
345,1,346,1
346,1,347,0
347,1,348,2
348,1,349,5
349,1,350,4
350,1,351,10
351,1,352,3
352,1,353,2
353,1,354,1
354,1,355,0
355,1,356,5
356,1,357,4
357,1,358,1
358,1,359,5
359,1,360,9
360,1,361,3
361,1,362,1
362,1,363,6
363,1,364,9
364,1,365,9
365,1,366,3
366,1,367,6
367,1,368,10
368,1,369,6
369,1,370,0
370,1,371,7
371,1,372,2
372,1,373,1
373,1,374,5
374,1,375,5
375,1,376,8
376,1,377,4
377,1,378,9
378,1,379,4
379,1,380,10
380,1,381,9
381,1,382,10
382,1,383,0
383,1,384,6
384,1,385,9
385,1,386,2
386,1,387,7
387,1,388,1
388,1,389,10
389,1,390,8
390,1,391,5
391,1,392,10
392,1,393,5
393,1,394,9
394,1,395,6
395,1,396,1
396,1,397,1
397,1,398,5
398,1,399,1
399,1,400,5
400,1,401,10
401,1,402,5
402,1,403,7
403,1,404,3
404,1,405,4
405,1,406,9
406,1,407,8
407,1,408,4
408,1,409,7
409,1,410,5
410,1,411,9
411,1,412,9
412,1,413,7
413,1,414,5
414,1,415,4
415,1,416,6
416,1,417,3
417,1,418,6
418,1,419,9
419,1,420,2
420,1,421,2
421,1,422,1
422,1,423,3
423,1,424,4
424,1,425,2
425,1,426,3
426,1,427,7
427,1,428,6
428,1,429,1
429,1,430,8
430,1,431,7
431,1,432,9
432,1,433,7
433,1,434,2
434,1,435,3
435,1,436,0
436,1,437,5
437,1,438,10
438,1,439,4
439,1,440,10
440,1,441,0
441,1,442,1
442,1,443,9
443,1,444,10
444,1,445,8
445,1,446,8
446,1,447,0
447,1,448,10
448,1,449,10
449,1,450,4
450,1,451,0
451,1,452,0
452,1,453,5
453,1,454,0
454,1,455,4
455,1,456,0
456,1,457,7
457,1,458,5
458,1,459,2
459,1,460,6
460,1,461,6
461,1,462,9
462,1,463,7
463,1,464,7
464,1,465,3
465,1,466,8
466,1,467,4
467,1,468,10
468,1,469,6
469,1,470,9
470,1,471,10
471,1,472,8
472,1,473,2
473,1,474,1
474,1,475,2
475,1,476,7
476,1,477,6
477,1,478,8
478,1,479,0
479,1,480,8
480,1,481,9
481,1,482,4
482,1,483,10
483,1,484,4
484,1,485,2
485,1,486,5
486,1,487,6
487,1,488,9
488,1,489,8
489,1,490,6
490,1,491,9
491,1,492,8
492,1,493,8
493,1,494,5
494,1,495,2
495,1,496,5
496,1,497,9
497,1,498,4
498,1,499,10
499,1,500,6
500,1,501,9
501,1,502,10
502,1,503,7
503,1,504,1
504,1,505,10
505,1,506,5
506,1,507,8
507,1,508,9
508,1,509,7
509,1,510,0
510,1,511,4
511,1,512,0
512,1,513,10
513,1,514,4
514,1,515,6
515,1,516,9
516,1,517,3
517,1,518,7
518,1,519,7
519,1,520,9
520,1,521,5
521,1,522,10
522,1,523,6
523,1,524,5
524,1,525,7
525,1,526,5
526,1,527,4
527,1,528,2
528,1,529,8
529,1,530,7
530,1,531,5
531,1,532,4
532,1,533,3
533,1,534,7
534,1,535,5
535,1,536,6
536,1,537,2
537,1,538,2
538,1,539,1
539,1,540,2
540,1,541,7
541,1,542,8
542,1,543,6
543,1,544,1
544,1,545,5
545,1,546,4
546,1,547,5
547,1,548,0
548,1,549,5
549,1,550,6
550,1,551,6
551,1,552,4
552,1,553,10
553,1,554,1
554,1,555,9
555,1,556,10
556,1,557,9
557,1,558,10
558,1,559,4
559,1,560,10
560,1,561,0
561,1,562,3
562,1,563,7
563,1,564,3
564,1,565,4
565,1,566,10
566,1,567,10
567,1,568,7
568,1,569,6
569,1,570,0
570,1,571,9
571,1,572,6
572,1,573,9
573,1,574,6
574,1,575,0
575,1,576,5
576,1,577,10
577,1,578,9
578,1,579,10
579,1,580,3
580,1,581,4
581,1,582,0
582,1,583,4
583,1,584,6
584,1,585,3
585,1,586,7
586,1,587,7
587,1,588,5
588,1,589,9
589,1,590,4
590,1,591,10
591,1,592,0
592,1,593,8
593,1,594,3
594,1,595,4
595,1,596,2
596,1,597,5
597,1,598,7
598,1,599,4
599,1,600,7
600,1,601,10
601,1,602,3
602,1,603,2
603,1,604,2
604,1,605,3
605,1,606,5
606,1,607,3
607,1,608,2
608,1,609,1
609,1,610,3
610,1,611,8
611,1,612,5
612,1,613,7
613,1,614,8
614,1,615,5
615,1,616,7
616,1,617,6
617,1,618,6
618,1,619,10
619,1,620,8
620,1,621,1
621,1,622,6
622,1,623,7
623,1,624,4
624,1,625,6
625,1,626,2
626,1,627,3
627,1,628,8
628,1,629,4
629,1,630,10
630,1,631,9
631,1,632,9
632,1,633,9
633,1,634,7
634,1,635,10
635,1,636,5
636,1,637,6
637,1,638,9
638,1,639,5
639,1,640,0
640,1,641,7
641,1,642,6
642,1,643,8
643,1,644,1
644,1,645,1
645,1,646,7
646,1,647,0
647,1,648,6
648,1,649,7
649,1,650,8
650,1,651,4
651,1,652,0
652,1,653,6
653,1,654,2
654,1,655,0
655,1,656,1
656,1,657,9
657,1,658,10
658,1,659,6
659,1,660,5
660,1,661,4
661,1,662,9
662,1,663,1
663,1,664,10
664,1,665,6
665,1,666,0
666,1,667,10
667,1,668,0
668,1,669,2
669,1,670,5
670,1,671,2
671,1,672,8
672,1,673,10
673,1,674,3
674,1,675,5
675,1,676,2
676,1,677,7
677,1,678,5
678,1,679,8
679,1,680,8
680,1,681,9
681,1,682,10
682,1,683,5
683,1,684,10
684,1,685,1
685,1,686,10
686,1,687,3
687,1,688,6
688,1,689,3
689,1,690,2
690,1,691,5
691,1,692,10
692,1,693,6
693,1,694,6
694,1,695,7
695,1,696,8
696,1,697,3
697,1,698,0
698,1,699,8
699,1,700,7
700,1,701,10
701,1,702,0
702,1,703,6
703,1,704,4
704,1,705,0
705,1,706,8
706,1,707,0
707,1,708,4
708,1,709,10
709,1,710,7
710,1,711,9
711,1,712,2
712,1,713,3
713,1,714,6
714,1,715,2
715,1,716,1
716,1,717,6
717,1,718,0
718,1,719,8
719,1,720,6
720,1,721,3
721,1,722,4
722,1,723,8
723,1,724,6
724,1,725,10
725,1,726,9
726,1,727,1
727,1,728,1
728,1,729,8
729,1,730,10
730,1,731,0
731,1,732,5
732,1,733,2
733,1,734,0
734,1,735,2
735,1,736,3
736,1,737,6
737,1,738,3
738,1,739,4
739,1,740,5
740,1,741,10
741,1,742,6
742,1,743,10
743,1,744,1
744,1,745,2
745,1,746,6
746,1,747,8
747,1,748,4
748,1,749,5
749,1,750,10
750,1,751,0
751,1,752,0
752,1,753,9
753,1,754,7
754,1,755,2
755,1,756,6
756,1,757,8
757,1,758,4
758,1,759,7
759,1,760,6
760,1,761,10
761,1,762,0
762,1,763,4
763,1,764,9
764,1,765,5
765,1,766,2
766,1,767,3
767,1,768,10
768,1,769,8
769,1,770,1
770,1,771,10
771,1,772,3
772,1,773,8
773,1,774,10
774,1,775,2
775,1,776,3
776,1,777,10
777,1,778,1
778,1,779,0
779,1,780,6
780,1,781,8
781,1,782,4
782,1,783,9
783,1,784,1
784,1,785,6
785,1,786,8
786,1,787,2
787,1,788,0
788,1,789,4
789,1,790,5
790,1,791,1
791,1,792,7
792,1,793,10
793,1,794,6
794,1,795,2
795,1,796,8
796,1,797,6
797,1,798,9
798,1,799,4
799,1,800,9
800,1,801,2
801,1,802,2
802,1,803,2
803,1,804,4
804,1,805,2
805,1,806,8
806,1,807,0
807,1,808,6
808,1,809,5
809,1,810,0
810,1,811,7
811,1,812,7
812,1,813,5
813,1,814,3
814,1,815,5
815,1,816,9
816,1,817,3
817,1,818,10
818,1,819,5
819,1,820,3
820,1,821,8
821,1,822,8
822,1,823,6
823,1,824,5
824,1,825,9
825,1,826,1
826,1,827,9
827,1,828,4
828,1,829,4
829,1,830,8
830,1,831,1
831,1,832,2
832,1,833,8
833,1,834,1
834,1,835,9
835,1,836,4
836,1,837,4
837,1,838,8
838,1,839,7
839,1,840,3
840,1,841,5
841,1,842,3
842,1,843,4
843,1,844,9
844,1,845,6
845,1,846,5
846,1,847,4
847,1,848,8
848,1,849,1
849,1,850,7
850,1,851,3
851,1,852,10
852,1,853,0
853,1,854,3
854,1,855,0
855,1,856,1
856,1,857,10
857,1,858,0
858,1,859,8
859,1,860,2
860,1,861,5
861,1,862,2
862,1,863,0
863,1,864,3
864,1,865,5
865,1,866,1
866,1,867,0
867,1,868,1
868,1,869,10
869,1,870,6
870,1,871,0
871,1,872,8
872,1,873,10
873,1,874,0
874,1,875,10
875,1,876,3
876,1,877,3
877,1,878,10
878,1,879,6
879,1,880,10
880,1,881,9
881,1,882,1
882,1,883,9
883,1,884,1
884,1,885,5
885,1,886,10
886,1,887,6
887,1,888,2
888,1,889,2
889,1,890,8
890,1,891,3
891,1,892,9
892,1,893,9
893,1,894,5
894,1,895,10
895,1,896,7
896,1,897,1
897,1,898,4
898,1,899,8
899,1,900,2
900,1,901,5
901,1,902,8
902,1,903,7
903,1,904,7
904,1,905,10
905,1,906,7
906,1,907,10
907,1,908,6
908,1,909,2
909,1,910,3
910,1,911,7
911,1,912,4
912,1,913,0
913,1,914,0
914,1,915,0
915,1,916,0
916,1,917,7
917,1,918,6
918,1,919,1
919,1,920,1
920,1,921,6
921,1,922,10
922,1,923,10
923,1,924,0
924,1,925,9
925,1,926,9
926,1,927,1
927,1,928,0
928,1,929,3
929,1,930,9
930,1,931,5
931,1,932,6
932,1,933,5
933,1,934,8
934,1,935,1
935,1,936,9
936,1,937,8
937,1,938,3
938,1,939,6
939,1,940,10
940,1,941,0
941,1,942,1
942,1,943,1
943,1,944,0
944,1,945,1
945,1,946,0
946,1,947,9
947,1,948,2
948,1,949,8
949,1,950,1
950,1,951,8
951,1,952,6
952,1,953,7
953,1,954,3
954,1,955,10
955,1,956,9
956,1,957,5
957,1,958,5
958,1,959,9
959,1,960,9
960,1,961,2
961,1,962,3
962,1,963,4
963,1,964,9
964,1,965,5
965,1,966,7
966,1,967,2
967,1,968,6
968,1,969,6
969,1,970,8
970,1,971,4
971,1,972,1
972,1,973,2
973,1,974,2
974,1,975,9
975,1,976,7
976,1,977,0
977,1,978,7
978,1,979,6
979,1,980,6
980,1,981,4
981,1,982,4
982,1,983,8
983,1,984,10
984,1,985,3
985,1,986,4
986,1,987,1
987,1,988,2
988,1,989,5
989,1,990,3
990,1,991,7
991,1,992,3
992,1,993,1
993,1,994,8
994,1,995,4
995,1,996,3
996,1,997,7
997,1,998,7
998,1,999,5
999,1,1000,1
1000,2,1,1
1001,2,2,2
1002,2,3,9
1003,2,4,8
1004,2,5,1
1005,2,6,11
1006,2,7,18
1007,2,8,2
1008,2,9,15
1009,2,10,1
1010,2,11,4
1011,2,12,5
1012,2,13,15
1013,2,14,11
1014,2,15,0
1015,2,16,6
1016,2,17,16
1017,2,18,4
1018,2,19,10
1019,2,20,13
1020,2,21,16
1021,2,22,10
1022,2,23,2
1023,2,24,17
1024,2,25,0
1025,2,26,4
1026,2,27,10
1027,2,28,11
1028,2,29,9
1029,2,30,18
1030,2,31,3
1031,2,32,2
1032,2,33,3
1033,2,34,17
1034,2,35,19
1035,2,36,3
1036,2,37,4
1037,2,38,11
1038,2,39,6
1039,2,40,14
1040,2,41,17
1041,2,42,16
1042,2,43,15
1043,2,44,18
1044,2,45,10
1045,2,46,13
1046,2,47,15
1047,2,48,6
1048,2,49,4
1049,2,50,6
1050,2,51,8
1051,2,52,8
1052,2,53,8
1053,2,54,2
1054,2,55,13
1055,2,56,8
1056,2,57,1
1057,2,58,19
1058,2,59,10
1059,2,60,11
1060,2,61,17
1061,2,62,20
1062,2,63,1
1063,2,64,11
1064,2,65,18
1065,2,66,11
1066,2,67,11
1067,2,68,5
1068,2,69,5
1069,2,70,1
1070,2,71,19
1071,2,72,10
1072,2,73,16
1073,2,74,3
1074,2,75,8
1075,2,76,16
1076,2,77,12
1077,2,78,3
1078,2,79,20
1079,2,80,18
1080,2,81,14
1081,2,82,9
1082,2,83,7
1083,2,84,13
1084,2,85,3
1085,2,86,6
1086,2,87,1
1087,2,88,9
1088,2,89,5
1089,2,90,7
1090,2,91,16
1091,2,92,6
1092,2,93,8
1093,2,94,3
1094,2,95,19
1095,2,96,1
1096,2,97,18
1097,2,98,16
1098,2,99,8
1099,2,100,7
1100,2,101,5
1101,2,102,20
1102,2,103,8
1103,2,104,12
1104,2,105,16
1105,2,106,8
1106,2,107,15
1107,2,108,3
1108,2,109,14
1109,2,110,17
1110,2,111,3
1111,2,112,0
1112,2,113,12
1113,2,114,9
1114,2,115,13
1115,2,116,1
1116,2,117,18
1117,2,118,18
1118,2,119,17
1119,2,120,13
1120,2,121,3
1121,2,122,1
1122,2,123,9
1123,2,124,18
1124,2,125,14
1125,2,126,5
1126,2,127,13
1127,2,128,18
1128,2,129,16
1129,2,130,14
1130,2,131,8
1131,2,132,8
1132,2,133,15
1133,2,134,9
1134,2,135,11
1135,2,136,4
1136,2,137,16
1137,2,138,8
1138,2,139,10
1139,2,140,7
1140,2,141,13
1141,2,142,15
1142,2,143,14
1143,2,144,7
1144,2,145,17
1145,2,146,12
1146,2,147,18
1147,2,148,7
1148,2,149,16
1149,2,150,11
1150,2,151,0
1151,2,152,8
1152,2,153,5
1153,2,154,8
1154,2,155,2
1155,2,156,15
1156,2,157,17
1157,2,158,18
1158,2,159,3
1159,2,160,4
1160,2,161,2
1161,2,162,9
1162,2,163,18
1163,2,164,17
1164,2,165,2
1165,2,166,10
1166,2,167,0
1167,2,168,18
1168,2,169,17
1169,2,170,14
1170,2,171,4
1171,2,172,12
1172,2,173,7
1173,2,174,15
1174,2,175,9
1175,2,176,18
1176,2,177,11
1177,2,178,9
1178,2,179,2
1179,2,180,1
1180,2,181,13
1181,2,182,13
1182,2,183,2
1183,2,184,20
1184,2,185,9
1185,2,186,3
1186,2,187,4
1187,2,188,4
1188,2,189,11
1189,2,190,6
1190,2,191,15
1191,2,192,3
1192,2,193,19
1193,2,194,2
1194,2,195,9
1195,2,196,14
1196,2,197,4
1197,2,198,1
1198,2,199,15
1199,2,200,2
1200,2,201,1
1201,2,202,13
1202,2,203,9
1203,2,204,19
1204,2,205,2
1205,2,206,12
1206,2,207,16
1207,2,208,2
1208,2,209,11
1209,2,210,8
1210,2,211,11
1211,2,212,11
1212,2,213,9
1213,2,214,19
1214,2,215,14
1215,2,216,12
1216,2,217,11
1217,2,218,1
1218,2,219,6
1219,2,220,0
1220,2,221,3
1221,2,222,6
1222,2,223,2
1223,2,224,12
1224,2,225,14
1225,2,226,2
1226,2,227,6
1227,2,228,7
1228,2,229,6
1229,2,230,13
1230,2,231,19
1231,2,232,15
1232,2,233,6
1233,2,234,8
1234,2,235,10
1235,2,236,4
1236,2,237,11
1237,2,238,18
1238,2,239,11
1239,2,240,6
1240,2,241,13
1241,2,242,6
1242,2,243,1
1243,2,244,11
1244,2,245,2
1245,2,246,15
1246,2,247,1
1247,2,248,6
1248,2,249,12
1249,2,250,11
1250,2,251,14
1251,2,252,1
1252,2,253,14
1253,2,254,5
1254,2,255,12
1255,2,256,16
1256,2,257,12
1257,2,258,14
1258,2,259,11
1259,2,260,18
1260,2,261,17
1261,2,262,20
1262,2,263,7
1263,2,264,4
1264,2,265,6
1265,2,266,3
1266,2,267,0
1267,2,268,3
1268,2,269,14
1269,2,270,2
1270,2,271,20
1271,2,272,19
1272,2,273,2
1273,2,274,4
1274,2,275,17
1275,2,276,15
1276,2,277,4
1277,2,278,15
1278,2,279,7
1279,2,280,16
1280,2,281,18
1281,2,282,0
1282,2,283,4
1283,2,284,18
1284,2,285,12
1285,2,286,19
1286,2,287,9
1287,2,288,4
1288,2,289,6
1289,2,290,10
1290,2,291,15
1291,2,292,17
1292,2,293,20
1293,2,294,7
1294,2,295,2
1295,2,296,18
1296,2,297,11
1297,2,298,7
1298,2,299,3
1299,2,300,13
1300,2,301,6
1301,2,302,7
1302,2,303,0
1303,2,304,2
1304,2,305,4
1305,2,306,8
1306,2,307,12
1307,2,308,12
1308,2,309,1
1309,2,310,4
1310,2,311,7
1311,2,312,17
1312,2,313,19
1313,2,314,1
1314,2,315,5
1315,2,316,16
1316,2,317,13
1317,2,318,12
1318,2,319,10
1319,2,320,9
1320,2,321,16
1321,2,322,0
1322,2,323,10
1323,2,324,12
1324,2,325,4
1325,2,326,9
1326,2,327,16
1327,2,328,8
1328,2,329,20
1329,2,330,1
1330,2,331,8
1331,2,332,9
1332,2,333,0
1333,2,334,15
1334,2,335,2
1335,2,336,12
1336,2,337,9
1337,2,338,17
1338,2,339,0
1339,2,340,15
1340,2,341,1
1341,2,342,16
1342,2,343,18
1343,2,344,10
1344,2,345,13
1345,2,346,7
1346,2,347,17
1347,2,348,14
1348,2,349,17
1349,2,350,13
1350,2,351,2
1351,2,352,10
1352,2,353,1
1353,2,354,7
1354,2,355,12
1355,2,356,16
1356,2,357,5
1357,2,358,2
1358,2,359,4
1359,2,360,2
1360,2,361,16
1361,2,362,15
1362,2,363,17
1363,2,364,4
1364,2,365,9
1365,2,366,17
1366,2,367,2
1367,2,368,4
1368,2,369,12
1369,2,370,19
1370,2,371,18
1371,2,372,5
1372,2,373,4
1373,2,374,14
1374,2,375,8
1375,2,376,5
1376,2,377,10
1377,2,378,12
1378,2,379,14
1379,2,380,12
1380,2,381,0
1381,2,382,12
1382,2,383,1
1383,2,384,20
1384,2,385,2
1385,2,386,10
1386,2,387,3
1387,2,388,3
1388,2,389,19
1389,2,390,8
1390,2,391,20
1391,2,392,6
1392,2,393,2
1393,2,394,19
1394,2,395,9
1395,2,396,19
1396,2,397,18
1397,2,398,7
1398,2,399,4
1399,2,400,14
1400,2,401,14
1401,2,402,0
1402,2,403,13
1403,2,404,5
1404,2,405,15
1405,2,406,0
1406,2,407,20
1407,2,408,3
1408,2,409,20
1409,2,410,5
1410,2,411,0
1411,2,412,13
1412,2,413,10
1413,2,414,13
1414,2,415,2
1415,2,416,0
1416,2,417,3
1417,2,418,5
1418,2,419,5
1419,2,420,20
1420,2,421,0
1421,2,422,20
1422,2,423,12
1423,2,424,3
1424,2,425,2
1425,2,426,17
1426,2,427,9
1427,2,428,14
1428,2,429,16
1429,2,430,20
1430,2,431,15
1431,2,432,2
1432,2,433,14
1433,2,434,3
1434,2,435,10
1435,2,436,14
1436,2,437,7
1437,2,438,5
1438,2,439,7
1439,2,440,8
1440,2,441,20
1441,2,442,19
1442,2,443,17
1443,2,444,0
1444,2,445,12
1445,2,446,3
1446,2,447,8
1447,2,448,7
1448,2,449,5
1449,2,450,20
1450,2,451,1
1451,2,452,0
1452,2,453,16
1453,2,454,4
1454,2,455,11
1455,2,456,7
1456,2,457,19
1457,2,458,16
1458,2,459,16
1459,2,460,4
1460,2,461,3
1461,2,462,9
1462,2,463,18
1463,2,464,0
1464,2,465,11
1465,2,466,2
1466,2,467,4
1467,2,468,11
1468,2,469,17
1469,2,470,2
1470,2,471,15
1471,2,472,10
1472,2,473,8
1473,2,474,5
1474,2,475,7
1475,2,476,20
1476,2,477,10
1477,2,478,19
1478,2,479,4
1479,2,480,16
1480,2,481,7
1481,2,482,16
1482,2,483,0
1483,2,484,7
1484,2,485,4
1485,2,486,20
1486,2,487,0
1487,2,488,18
1488,2,489,8
1489,2,490,8
1490,2,491,20
1491,2,492,15
1492,2,493,1
1493,2,494,15
1494,2,495,10
1495,2,496,0
1496,2,497,15
1497,2,498,20
1498,2,499,12
1499,2,500,3
1500,2,501,15
1501,2,502,19
1502,2,503,15
1503,2,504,20
1504,2,505,9
1505,2,506,3
1506,2,507,17
1507,2,508,6
1508,2,509,11
1509,2,510,1
1510,2,511,7
1511,2,512,6
1512,2,513,9
1513,2,514,8
1514,2,515,13
1515,2,516,20
1516,2,517,11
1517,2,518,2
1518,2,519,17
1519,2,520,4
1520,2,521,19
1521,2,522,5
1522,2,523,6
1523,2,524,7
1524,2,525,7
1525,2,526,20
1526,2,527,18
1527,2,528,2
1528,2,529,7
1529,2,530,14
1530,2,531,19
1531,2,532,3
1532,2,533,20
1533,2,534,20
1534,2,535,10
1535,2,536,17
1536,2,537,8
1537,2,538,16
1538,2,539,19
1539,2,540,10
1540,2,541,10
1541,2,542,8
1542,2,543,13
1543,2,544,17
1544,2,545,9
1545,2,546,18
1546,2,547,19
1547,2,548,17
1548,2,549,4
1549,2,550,16
1550,2,551,1
1551,2,552,17
1552,2,553,12
1553,2,554,2
1554,2,555,11
1555,2,556,13
1556,2,557,3
1557,2,558,0
1558,2,559,20
1559,2,560,6
1560,2,561,2
1561,2,562,17
1562,2,563,17
1563,2,564,0
1564,2,565,2
1565,2,566,1
1566,2,567,3
1567,2,568,13
1568,2,569,3
1569,2,570,5
1570,2,571,12
1571,2,572,9
1572,2,573,8
1573,2,574,6
1574,2,575,6
1575,2,576,1
1576,2,577,2
1577,2,578,2
1578,2,579,12
1579,2,580,3
1580,2,581,1
1581,2,582,5
1582,2,583,13
1583,2,584,6
1584,2,585,17
1585,2,586,9
1586,2,587,6
1587,2,588,7
1588,2,589,17
1589,2,590,18
1590,2,591,13
1591,2,592,7
1592,2,593,5
1593,2,594,10
1594,2,595,4
1595,2,596,7
1596,2,597,16
1597,2,598,19
1598,2,599,20
1599,2,600,5
1600,2,601,4
1601,2,602,0
1602,2,603,9
1603,2,604,19
1604,2,605,16
1605,2,606,14
1606,2,607,1
1607,2,608,4
1608,2,609,7
1609,2,610,18
1610,2,611,1
1611,2,612,11
1612,2,613,18
1613,2,614,6
1614,2,615,6
1615,2,616,1
1616,2,617,10
1617,2,618,4
1618,2,619,5
1619,2,620,2
1620,2,621,20
1621,2,622,16
1622,2,623,9
1623,2,624,4
1624,2,625,2
1625,2,626,7
1626,2,627,14
1627,2,628,2
1628,2,629,15
1629,2,630,18
1630,2,631,1
1631,2,632,2
1632,2,633,11
1633,2,634,8
1634,2,635,12
1635,2,636,20
1636,2,637,7
1637,2,638,7
1638,2,639,11
1639,2,640,6
1640,2,641,3
1641,2,642,0
1642,2,643,1
1643,2,644,0
1644,2,645,1
1645,2,646,7
1646,2,647,1
1647,2,648,1
1648,2,649,16
1649,2,650,16
1650,2,651,20
1651,2,652,14
1652,2,653,17
1653,2,654,19
1654,2,655,20
1655,2,656,17
1656,2,657,2
1657,2,658,20
1658,2,659,7
1659,2,660,9
1660,2,661,2
1661,2,662,6
1662,2,663,20
1663,2,664,4
1664,2,665,11
1665,2,666,4
1666,2,667,12
1667,2,668,16
1668,2,669,3
1669,2,670,6
1670,2,671,15
1671,2,672,15
1672,2,673,6
1673,2,674,16
1674,2,675,8
1675,2,676,7
1676,2,677,19
1677,2,678,4
1678,2,679,20
1679,2,680,10
1680,2,681,16
1681,2,682,5
1682,2,683,8
1683,2,684,18
1684,2,685,4
1685,2,686,20
1686,2,687,18
1687,2,688,7
1688,2,689,6
1689,2,690,2
1690,2,691,18
1691,2,692,0
1692,2,693,19
1693,2,694,1
1694,2,695,14
1695,2,696,20
1696,2,697,5
1697,2,698,16
1698,2,699,2
1699,2,700,9
1700,2,701,10
1701,2,702,11
1702,2,703,10
1703,2,704,16
1704,2,705,7
1705,2,706,1
1706,2,707,15
1707,2,708,5
1708,2,709,11
1709,2,710,5
1710,2,711,19
1711,2,712,0
1712,2,713,1
1713,2,714,4
1714,2,715,20
1715,2,716,14
1716,2,717,17
1717,2,718,14
1718,2,719,19
1719,2,720,12
1720,2,721,16
1721,2,722,7
1722,2,723,11
1723,2,724,9
1724,2,725,18
1725,2,726,12
1726,2,727,9
1727,2,728,0
1728,2,729,14
1729,2,730,4
1730,2,731,2
1731,2,732,5
1732,2,733,18
1733,2,734,0
1734,2,735,20
1735,2,736,18
1736,2,737,2
1737,2,738,9
1738,2,739,6
1739,2,740,8
1740,2,741,8
1741,2,742,10
1742,2,743,0
1743,2,744,7
1744,2,745,7
1745,2,746,18
1746,2,747,3
1747,2,748,14
1748,2,749,19
1749,2,750,1
1750,2,751,3
1751,2,752,8
1752,2,753,8
1753,2,754,12
1754,2,755,1
1755,2,756,19
1756,2,757,3
1757,2,758,2
1758,2,759,1
1759,2,760,7
1760,2,761,7
1761,2,762,9
1762,2,763,10
1763,2,764,6
1764,2,765,14
1765,2,766,14
1766,2,767,12
1767,2,768,12
1768,2,769,11
1769,2,770,1
1770,2,771,16
1771,2,772,7
1772,2,773,6
1773,2,774,6
1774,2,775,20
1775,2,776,13
1776,2,777,10
1777,2,778,15
1778,2,779,5
1779,2,780,3
1780,2,781,14
1781,2,782,0
1782,2,783,3
1783,2,784,6
1784,2,785,6
1785,2,786,3
1786,2,787,8
1787,2,788,4
1788,2,789,7
1789,2,790,0
1790,2,791,5
1791,2,792,10
1792,2,793,20
1793,2,794,15
1794,2,795,18
1795,2,796,5
1796,2,797,3
1797,2,798,10
1798,2,799,1
1799,2,800,4
1800,2,801,17
1801,2,802,16
1802,2,803,0
1803,2,804,10
1804,2,805,5
1805,2,806,16
1806,2,807,6
1807,2,808,6
1808,2,809,15
1809,2,810,9
1810,2,811,3
1811,2,812,6
1812,2,813,0
1813,2,814,5
1814,2,815,6
1815,2,816,10
1816,2,817,5
1817,2,818,0
1818,2,819,0
1819,2,820,13
1820,2,821,0
1821,2,822,7
1822,2,823,1
1823,2,824,10
1824,2,825,4
1825,2,826,4
1826,2,827,2
1827,2,828,17
1828,2,829,14
1829,2,830,3
1830,2,831,18
1831,2,832,2
1832,2,833,15
1833,2,834,18
1834,2,835,14
1835,2,836,6
1836,2,837,16
1837,2,838,12
1838,2,839,14
1839,2,840,7
1840,2,841,16
1841,2,842,2
1842,2,843,12
1843,2,844,3
1844,2,845,10
1845,2,846,12
1846,2,847,18
1847,2,848,11
1848,2,849,7
1849,2,850,0
1850,2,851,2
1851,2,852,7
1852,2,853,4
1853,2,854,18
1854,2,855,14
1855,2,856,17
1856,2,857,5
1857,2,858,17
1858,2,859,2
1859,2,860,16
1860,2,861,12
1861,2,862,20
1862,2,863,12
1863,2,864,16
1864,2,865,9
1865,2,866,12
1866,2,867,0
1867,2,868,20
1868,2,869,3
1869,2,870,7
1870,2,871,9
1871,2,872,0
1872,2,873,16
1873,2,874,19
1874,2,875,11
1875,2,876,18
1876,2,877,13
1877,2,878,6
1878,2,879,0
1879,2,880,10
1880,2,881,12
1881,2,882,8
1882,2,883,20
1883,2,884,19
1884,2,885,12
1885,2,886,20
1886,2,887,2
1887,2,888,18
1888,2,889,10
1889,2,890,3
1890,2,891,6
1891,2,892,16
1892,2,893,6
1893,2,894,3
1894,2,895,10
1895,2,896,3
1896,2,897,14
1897,2,898,8
1898,2,899,9
1899,2,900,5
1900,2,901,13
1901,2,902,2
1902,2,903,13
1903,2,904,13
1904,2,905,13
1905,2,906,17
1906,2,907,12
1907,2,908,0
1908,2,909,8
1909,2,910,6
1910,2,911,7
1911,2,912,2
1912,2,913,14
1913,2,914,10
1914,2,915,12
1915,2,916,13
1916,2,917,0
1917,2,918,10
1918,2,919,9
1919,2,920,7
1920,2,921,18
1921,2,922,18
1922,2,923,20
1923,2,924,17
1924,2,925,19
1925,2,926,3
1926,2,927,13
1927,2,928,9
1928,2,929,16
1929,2,930,9
1930,2,931,11
1931,2,932,19
1932,2,933,1
1933,2,934,10
1934,2,935,18
1935,2,936,19
1936,2,937,14
1937,2,938,0
1938,2,939,17
1939,2,940,19
1940,2,941,13
1941,2,942,1
1942,2,943,9
1943,2,944,4
1944,2,945,9
1945,2,946,4
1946,2,947,14
1947,2,948,13
1948,2,949,5
1949,2,950,12
1950,2,951,3
1951,2,952,13
1952,2,953,10
1953,2,954,5
1954,2,955,4
1955,2,956,3
1956,2,957,8
1957,2,958,0
1958,2,959,18
1959,2,960,20
1960,2,961,16
1961,2,962,3
1962,2,963,13
1963,2,964,8
1964,2,965,1
1965,2,966,5
1966,2,967,8
1967,2,968,1
1968,2,969,10
1969,2,970,18
1970,2,971,16
1971,2,972,14
1972,2,973,20
1973,2,974,1
1974,2,975,6
1975,2,976,19
1976,2,977,20
1977,2,978,17
1978,2,979,19
1979,2,980,12
1980,2,981,10
1981,2,982,9
1982,2,983,3
1983,2,984,4
1984,2,985,13
1985,2,986,20
1986,2,987,3
1987,2,988,13
1988,2,989,14
1989,2,990,18
1990,2,991,20
1991,2,992,5
1992,2,993,13
1993,2,994,5
1994,2,995,17
1995,2,996,20
1996,2,997,6
1997,2,998,4
1998,2,999,15
1999,2,1000,19
2000,3,1,2
2001,3,2,27
2002,3,3,9
2003,3,4,7
2004,3,5,16
2005,3,6,17
2006,3,7,3
2007,3,8,4
2008,3,9,9
2009,3,10,3
2010,3,11,13
2011,3,12,26
2012,3,13,8
2013,3,14,5
2014,3,15,21
2015,3,16,23
2016,3,17,21
2017,3,18,23
2018,3,19,7
2019,3,20,12
2020,3,21,5
2021,3,22,23
2022,3,23,15
2023,3,24,19
2024,3,25,2
2025,3,26,11
2026,3,27,18
2027,3,28,24
2028,3,29,15
2029,3,30,28
2030,3,31,22
2031,3,32,14
2032,3,33,6
2033,3,34,11
2034,3,35,14
2035,3,36,6
2036,3,37,14
2037,3,38,5
2038,3,39,23
2039,3,40,22
2040,3,41,10
2041,3,42,7
2042,3,43,12
2043,3,44,18
2044,3,45,21
2045,3,46,2
2046,3,47,4
2047,3,48,14
2048,3,49,7
2049,3,50,9
2050,3,51,6
2051,3,52,27
2052,3,53,3
2053,3,54,30
2054,3,55,18
2055,3,56,26
2056,3,57,28
2057,3,58,5
2058,3,59,15
2059,3,60,8
2060,3,61,4
2061,3,62,9
2062,3,63,6
2063,3,64,6
2064,3,65,18
2065,3,66,11
2066,3,67,3
2067,3,68,17
2068,3,69,28
2069,3,70,0
2070,3,71,29
2071,3,72,16
2072,3,73,28
2073,3,74,25
2074,3,75,5
2075,3,76,28
2076,3,77,12
2077,3,78,2
2078,3,79,5
2079,3,80,19
2080,3,81,19
2081,3,82,4
2082,3,83,16
2083,3,84,7
2084,3,85,2
2085,3,86,6
2086,3,87,3
2087,3,88,28
2088,3,89,20
2089,3,90,0
2090,3,91,0
2091,3,92,14
2092,3,93,24
2093,3,94,5
2094,3,95,10
2095,3,96,8
2096,3,97,22
2097,3,98,29
2098,3,99,26
2099,3,100,23
2100,3,101,27
2101,3,102,0
2102,3,103,12
2103,3,104,6
2104,3,105,8
2105,3,106,26
2106,3,107,1
2107,3,108,22
2108,3,109,9
2109,3,110,26
2110,3,111,11
2111,3,112,6
2112,3,113,3
2113,3,114,6
2114,3,115,15
2115,3,116,0
2116,3,117,11
2117,3,118,14
2118,3,119,14
2119,3,120,20
2120,3,121,7
2121,3,122,5
2122,3,123,25
2123,3,124,15
2124,3,125,19
2125,3,126,15
2126,3,127,28
2127,3,128,1
2128,3,129,24
2129,3,130,17
2130,3,131,0
2131,3,132,1
2132,3,133,20
2133,3,134,8
2134,3,135,30
2135,3,136,7
2136,3,137,26
2137,3,138,8
2138,3,139,16
2139,3,140,10
2140,3,141,23
2141,3,142,15
2142,3,143,28
2143,3,144,17
2144,3,145,0
2145,3,146,8
2146,3,147,19
2147,3,148,16
2148,3,149,3
2149,3,150,8
2150,3,151,16
2151,3,152,21
2152,3,153,0
2153,3,154,27
2154,3,155,19
2155,3,156,29
2156,3,157,28
2157,3,158,12
2158,3,159,16
2159,3,160,13
2160,3,161,30
2161,3,162,15
2162,3,163,22
2163,3,164,19
2164,3,165,3
2165,3,166,30
2166,3,167,15
2167,3,168,12
2168,3,169,22
2169,3,170,30
2170,3,171,6
2171,3,172,1
2172,3,173,13
2173,3,174,5
2174,3,175,26
2175,3,176,13
2176,3,177,3
2177,3,178,11
2178,3,179,21
2179,3,180,28
2180,3,181,14
2181,3,182,15
2182,3,183,4
2183,3,184,12
2184,3,185,28
2185,3,186,18
2186,3,187,6
2187,3,188,3
2188,3,189,13
2189,3,190,28
2190,3,191,15
2191,3,192,29
2192,3,193,26
2193,3,194,0
2194,3,195,6
2195,3,196,11
2196,3,197,10
2197,3,198,5
2198,3,199,20
2199,3,200,11
2200,3,201,28
2201,3,202,28
2202,3,203,17
2203,3,204,3
2204,3,205,5
2205,3,206,13
2206,3,207,17
2207,3,208,12
2208,3,209,23
2209,3,210,25
2210,3,211,11
2211,3,212,5
2212,3,213,27
2213,3,214,12
2214,3,215,14
2215,3,216,10
2216,3,217,22
2217,3,218,17
2218,3,219,17
2219,3,220,21
2220,3,221,14
2221,3,222,22
2222,3,223,5
2223,3,224,0
2224,3,225,1
2225,3,226,7
2226,3,227,13
2227,3,228,8
2228,3,229,5
2229,3,230,8
2230,3,231,22
2231,3,232,30
2232,3,233,20
2233,3,234,11
2234,3,235,17
2235,3,236,27
2236,3,237,25
2237,3,238,22
2238,3,239,29
2239,3,240,15
2240,3,241,6
2241,3,242,11
2242,3,243,21
2243,3,244,13
2244,3,245,20
2245,3,246,2
2246,3,247,17
2247,3,248,1
2248,3,249,9
2249,3,250,23
2250,3,251,1
2251,3,252,28
2252,3,253,28
2253,3,254,8
2254,3,255,10
2255,3,256,11
2256,3,257,0
2257,3,258,25
2258,3,259,26
2259,3,260,1
2260,3,261,16
2261,3,262,14
2262,3,263,15
2263,3,264,12
2264,3,265,5
2265,3,266,19
2266,3,267,8
2267,3,268,6
2268,3,269,14
2269,3,270,4
2270,3,271,21
2271,3,272,27
2272,3,273,16
2273,3,274,20
2274,3,275,10
2275,3,276,2
2276,3,277,13
2277,3,278,17
2278,3,279,10
2279,3,280,28
2280,3,281,0
2281,3,282,20
2282,3,283,26
2283,3,284,1
2284,3,285,10
2285,3,286,25
2286,3,287,6
2287,3,288,6
2288,3,289,12
2289,3,290,28
2290,3,291,22
2291,3,292,13
2292,3,293,28
2293,3,294,22
2294,3,295,30
2295,3,296,24
2296,3,297,5
2297,3,298,16
2298,3,299,18
2299,3,300,2
2300,3,301,29
2301,3,302,28
2302,3,303,9
2303,3,304,20
2304,3,305,11
2305,3,306,1
2306,3,307,2
2307,3,308,22
2308,3,309,17
2309,3,310,17
2310,3,311,7
2311,3,312,1
2312,3,313,4
2313,3,314,25
2314,3,315,14
2315,3,316,29
2316,3,317,7
2317,3,318,20
2318,3,319,5
2319,3,320,11
2320,3,321,15
2321,3,322,28
2322,3,323,3
2323,3,324,21
2324,3,325,6
2325,3,326,13
2326,3,327,15
2327,3,328,6
2328,3,329,12
2329,3,330,13
2330,3,331,24
2331,3,332,12
2332,3,333,27
2333,3,334,2
2334,3,335,13
2335,3,336,1
2336,3,337,22
2337,3,338,2
2338,3,339,18
2339,3,340,23
2340,3,341,7
2341,3,342,21
2342,3,343,21
2343,3,344,11
2344,3,345,6
2345,3,346,13
2346,3,347,4
2347,3,348,10
2348,3,349,8
2349,3,350,7
2350,3,351,15
2351,3,352,4
2352,3,353,1
2353,3,354,16
2354,3,355,15
2355,3,356,10
2356,3,357,21
2357,3,358,20
2358,3,359,24
2359,3,360,13
2360,3,361,16
2361,3,362,9
2362,3,363,11
2363,3,364,14
2364,3,365,3
2365,3,366,29
2366,3,367,17
2367,3,368,22
2368,3,369,22
2369,3,370,10
2370,3,371,12
2371,3,372,6
2372,3,373,24
2373,3,374,28
2374,3,375,27
2375,3,376,15
2376,3,377,17
2377,3,378,14
2378,3,379,15
2379,3,380,13
2380,3,381,30
2381,3,382,30
2382,3,383,21
2383,3,384,5
2384,3,385,14
2385,3,386,6
2386,3,387,30
2387,3,388,17
2388,3,389,0
2389,3,390,8
2390,3,391,6
2391,3,392,2
2392,3,393,21
2393,3,394,29
2394,3,395,27
2395,3,396,3
2396,3,397,18
2397,3,398,0
2398,3,399,16
2399,3,400,13
2400,3,401,24
2401,3,402,24
2402,3,403,24
2403,3,404,3
2404,3,405,21
2405,3,406,16
2406,3,407,21
2407,3,408,28
2408,3,409,4
2409,3,410,4
2410,3,411,5
2411,3,412,12
2412,3,413,23
2413,3,414,23
2414,3,415,21
2415,3,416,26
2416,3,417,25
2417,3,418,15
2418,3,419,16
2419,3,420,13
2420,3,421,14
2421,3,422,3
2422,3,423,25
2423,3,424,11
2424,3,425,22
2425,3,426,2
2426,3,427,17
2427,3,428,8
2428,3,429,25
2429,3,430,9
2430,3,431,14
2431,3,432,23
2432,3,433,10
2433,3,434,12
2434,3,435,27
2435,3,436,8
2436,3,437,20
2437,3,438,25
2438,3,439,18
2439,3,440,8
2440,3,441,21
2441,3,442,21
2442,3,443,6
2443,3,444,26
2444,3,445,19
2445,3,446,11
2446,3,447,2
2447,3,448,9
2448,3,449,20
2449,3,450,22
2450,3,451,24
2451,3,452,23
2452,3,453,20
2453,3,454,1
2454,3,455,8
2455,3,456,22
2456,3,457,22
2457,3,458,0
2458,3,459,3
2459,3,460,24
2460,3,461,21
2461,3,462,26
2462,3,463,19
2463,3,464,20
2464,3,465,6
2465,3,466,11
2466,3,467,28
2467,3,468,10
2468,3,469,23
2469,3,470,9
2470,3,471,3
2471,3,472,7
2472,3,473,2
2473,3,474,20
2474,3,475,23
2475,3,476,9
2476,3,477,13
2477,3,478,17
2478,3,479,17
2479,3,480,20
2480,3,481,4
2481,3,482,9
2482,3,483,15
2483,3,484,17
2484,3,485,13
2485,3,486,18
2486,3,487,8
2487,3,488,13
2488,3,489,23
2489,3,490,24
2490,3,491,13
2491,3,492,2
2492,3,493,30
2493,3,494,1
2494,3,495,8
2495,3,496,26
2496,3,497,25
2497,3,498,28
2498,3,499,14
2499,3,500,6
2500,3,501,0
2501,3,502,28
2502,3,503,23
2503,3,504,26
2504,3,505,5
2505,3,506,27
2506,3,507,24
2507,3,508,23
2508,3,509,3
2509,3,510,0
2510,3,511,2
2511,3,512,18
2512,3,513,30
2513,3,514,12
2514,3,515,18
2515,3,516,24
2516,3,517,18
2517,3,518,6
2518,3,519,6
2519,3,520,11
2520,3,521,0
2521,3,522,14
2522,3,523,1
2523,3,524,9
2524,3,525,23
2525,3,526,11
2526,3,527,5
2527,3,528,16
2528,3,529,3
2529,3,530,2
2530,3,531,28
2531,3,532,21
2532,3,533,24
2533,3,534,7
2534,3,535,22
2535,3,536,11
2536,3,537,14
2537,3,538,28
2538,3,539,12
2539,3,540,13
2540,3,541,13
2541,3,542,30
2542,3,543,10
2543,3,544,25
2544,3,545,6
2545,3,546,29
2546,3,547,15
2547,3,548,11
2548,3,549,2
2549,3,550,14
2550,3,551,13
2551,3,552,7
2552,3,553,30
2553,3,554,10
2554,3,555,16
2555,3,556,12
2556,3,557,25
2557,3,558,14
2558,3,559,30
2559,3,560,25
2560,3,561,26
2561,3,562,3
2562,3,563,27
2563,3,564,21
2564,3,565,11
2565,3,566,6
2566,3,567,27
2567,3,568,0
2568,3,569,24
2569,3,570,0
2570,3,571,6
2571,3,572,12
2572,3,573,30
2573,3,574,12
2574,3,575,15
2575,3,576,5
2576,3,577,20
2577,3,578,23
2578,3,579,24
2579,3,580,29
2580,3,581,27
2581,3,582,15
2582,3,583,11
2583,3,584,22
2584,3,585,30
2585,3,586,28
2586,3,587,21
2587,3,588,3
2588,3,589,4
2589,3,590,16
2590,3,591,18
2591,3,592,27
2592,3,593,19
2593,3,594,7
2594,3,595,19
2595,3,596,0
2596,3,597,26
2597,3,598,17
2598,3,599,21
2599,3,600,18
2600,3,601,15
2601,3,602,8
2602,3,603,27
2603,3,604,30
2604,3,605,18
2605,3,606,4
2606,3,607,23
2607,3,608,18
2608,3,609,6
2609,3,610,0
2610,3,611,25
2611,3,612,26
2612,3,613,9
2613,3,614,21
2614,3,615,1
2615,3,616,3
2616,3,617,12
2617,3,618,6
2618,3,619,20
2619,3,620,2
2620,3,621,14
2621,3,622,11
2622,3,623,3
2623,3,624,0
2624,3,625,14
2625,3,626,26
2626,3,627,21
2627,3,628,20
2628,3,629,22
2629,3,630,0
2630,3,631,5
2631,3,632,20
2632,3,633,16
2633,3,634,16
2634,3,635,30
2635,3,636,14
2636,3,637,17
2637,3,638,5
2638,3,639,13
2639,3,640,29
2640,3,641,7
2641,3,642,30
2642,3,643,8
2643,3,644,24
2644,3,645,8
2645,3,646,17
2646,3,647,3
2647,3,648,21
2648,3,649,11
2649,3,650,10
2650,3,651,16
2651,3,652,4
2652,3,653,10
2653,3,654,20
2654,3,655,28
2655,3,656,23
2656,3,657,10
2657,3,658,12
2658,3,659,4
2659,3,660,4
2660,3,661,3
2661,3,662,3
2662,3,663,17
2663,3,664,11
2664,3,665,14
2665,3,666,12
2666,3,667,2
2667,3,668,30
2668,3,669,29
2669,3,670,30
2670,3,671,21
2671,3,672,15
2672,3,673,30
2673,3,674,26
2674,3,675,8
2675,3,676,20
2676,3,677,3
2677,3,678,13
2678,3,679,13
2679,3,680,29
2680,3,681,30
2681,3,682,23
2682,3,683,9
2683,3,684,26
2684,3,685,23
2685,3,686,6
2686,3,687,27
2687,3,688,20
2688,3,689,5
2689,3,690,6
2690,3,691,14
2691,3,692,13
2692,3,693,16
2693,3,694,16
2694,3,695,29
2695,3,696,5
2696,3,697,3
2697,3,698,18
2698,3,699,17
2699,3,700,25
2700,3,701,11
2701,3,702,4
2702,3,703,26
2703,3,704,19
2704,3,705,1
2705,3,706,1
2706,3,707,25
2707,3,708,14
2708,3,709,3
2709,3,710,22
2710,3,711,12
2711,3,712,7
2712,3,713,21
2713,3,714,18
2714,3,715,25
2715,3,716,22
2716,3,717,30
2717,3,718,6
2718,3,719,23
2719,3,720,25
2720,3,721,29
2721,3,722,10
2722,3,723,15
2723,3,724,29
2724,3,725,2
2725,3,726,1
2726,3,727,27
2727,3,728,24
2728,3,729,7
2729,3,730,18
2730,3,731,1
2731,3,732,2
2732,3,733,25
2733,3,734,4
2734,3,735,14
2735,3,736,23
2736,3,737,7
2737,3,738,9
2738,3,739,2
2739,3,740,28
2740,3,741,29
2741,3,742,12
2742,3,743,9
2743,3,744,9
2744,3,745,13
2745,3,746,26
2746,3,747,13
2747,3,748,17
2748,3,749,13
2749,3,750,9
2750,3,751,23
2751,3,752,14
2752,3,753,13
2753,3,754,18
2754,3,755,22
2755,3,756,25
2756,3,757,25
2757,3,758,29
2758,3,759,14
2759,3,760,14
2760,3,761,15
2761,3,762,6
2762,3,763,19
2763,3,764,12
2764,3,765,13
2765,3,766,17
2766,3,767,3
2767,3,768,17
2768,3,769,14
2769,3,770,25
2770,3,771,29
2771,3,772,26
2772,3,773,4
2773,3,774,15
2774,3,775,29
2775,3,776,26
2776,3,777,16
2777,3,778,5
2778,3,779,8
2779,3,780,7
2780,3,781,13
2781,3,782,4
2782,3,783,27
2783,3,784,22
2784,3,785,6
2785,3,786,2
2786,3,787,23
2787,3,788,21
2788,3,789,6
2789,3,790,29
2790,3,791,23
2791,3,792,3
2792,3,793,16
2793,3,794,7
2794,3,795,17
2795,3,796,5
2796,3,797,19
2797,3,798,7
2798,3,799,6
2799,3,800,13
2800,3,801,15
2801,3,802,5
2802,3,803,6
2803,3,804,7
2804,3,805,20
2805,3,806,26
2806,3,807,2
2807,3,808,23
2808,3,809,8
2809,3,810,13
2810,3,811,23
2811,3,812,7
2812,3,813,30
2813,3,814,6
2814,3,815,18
2815,3,816,19
2816,3,817,8
2817,3,818,28
2818,3,819,27
2819,3,820,12
2820,3,821,23
2821,3,822,26
2822,3,823,0
2823,3,824,11
2824,3,825,29
2825,3,826,7
2826,3,827,24
2827,3,828,5
2828,3,829,12
2829,3,830,5
2830,3,831,24
2831,3,832,12
2832,3,833,11
2833,3,834,5
2834,3,835,7
2835,3,836,29
2836,3,837,8
2837,3,838,12
2838,3,839,29
2839,3,840,29
2840,3,841,21
2841,3,842,19
2842,3,843,18
2843,3,844,15
2844,3,845,29
2845,3,846,4
2846,3,847,11
2847,3,848,28
2848,3,849,10
2849,3,850,30
2850,3,851,13
2851,3,852,26
2852,3,853,26
2853,3,854,0
2854,3,855,21
2855,3,856,15
2856,3,857,6
2857,3,858,24
2858,3,859,18
2859,3,860,3
2860,3,861,1
2861,3,862,27
2862,3,863,6
2863,3,864,30
2864,3,865,22
2865,3,866,6
2866,3,867,20
2867,3,868,27
2868,3,869,5
2869,3,870,21
2870,3,871,8
2871,3,872,7
2872,3,873,21
2873,3,874,7
2874,3,875,13
2875,3,876,0
2876,3,877,7
2877,3,878,5
2878,3,879,15
2879,3,880,25
2880,3,881,10
2881,3,882,25
2882,3,883,13
2883,3,884,13
2884,3,885,26
2885,3,886,18
2886,3,887,5
2887,3,888,24
2888,3,889,7
2889,3,890,27
2890,3,891,18
2891,3,892,24
2892,3,893,22
2893,3,894,23
2894,3,895,6
2895,3,896,4
2896,3,897,9
2897,3,898,22
2898,3,899,1
2899,3,900,5
2900,3,901,3
2901,3,902,5
2902,3,903,9
2903,3,904,12
2904,3,905,19
2905,3,906,8
2906,3,907,14
2907,3,908,25
2908,3,909,2
2909,3,910,24
2910,3,911,8
2911,3,912,10
2912,3,913,30
2913,3,914,4
2914,3,915,13
2915,3,916,1
2916,3,917,4
2917,3,918,0
2918,3,919,5
2919,3,920,25
2920,3,921,13
2921,3,922,8
2922,3,923,13
2923,3,924,18
2924,3,925,23
2925,3,926,22
2926,3,927,5
2927,3,928,5
2928,3,929,19
2929,3,930,21
2930,3,931,14
2931,3,932,30
2932,3,933,21
2933,3,934,4
2934,3,935,0
2935,3,936,28
2936,3,937,25
2937,3,938,2
2938,3,939,26
2939,3,940,1
2940,3,941,1
2941,3,942,5
2942,3,943,9
2943,3,944,14
2944,3,945,1
2945,3,946,10
2946,3,947,7
2947,3,948,6
2948,3,949,16
2949,3,950,19
2950,3,951,8
2951,3,952,26
2952,3,953,17
2953,3,954,19
2954,3,955,10
2955,3,956,7
2956,3,957,8
2957,3,958,4
2958,3,959,5
2959,3,960,3
2960,3,961,18
2961,3,962,13
2962,3,963,14
2963,3,964,21
2964,3,965,24
2965,3,966,27
2966,3,967,18
2967,3,968,9
2968,3,969,9
2969,3,970,27
2970,3,971,8
2971,3,972,1
2972,3,973,20
2973,3,974,7
2974,3,975,10
2975,3,976,15
2976,3,977,25
2977,3,978,27
2978,3,979,17
2979,3,980,15
2980,3,981,15
2981,3,982,26
2982,3,983,8
2983,3,984,12
2984,3,985,14
2985,3,986,8
2986,3,987,3
2987,3,988,12
2988,3,989,3
2989,3,990,10
2990,3,991,19
2991,3,992,17
2992,3,993,8
2993,3,994,21
2994,3,995,3
2995,3,996,27
2996,3,997,10
2997,3,998,25
2998,3,999,8
2999,3,1000,0
3000,4,1,40
3001,4,2,34
3002,4,3,26
3003,4,4,23
3004,4,5,40
3005,4,6,20
3006,4,7,33
3007,4,8,28
3008,4,9,27
3009,4,10,40
3010,4,11,26
3011,4,12,32
3012,4,13,21
3013,4,14,22
3014,4,15,39
3015,4,16,30
3016,4,17,34
3017,4,18,31
3018,4,19,30
3019,4,20,24
3020,4,21,33
3021,4,22,22
3022,4,23,22
3023,4,24,38
3024,4,25,28
3025,4,26,30
3026,4,27,24
3027,4,28,25
3028,4,29,38
3029,4,30,32
3030,4,31,32
3031,4,32,40
3032,4,33,39
3033,4,34,38
3034,4,35,35
3035,4,36,29
3036,4,37,35
3037,4,38,31
3038,4,39,34
3039,4,40,34
3040,4,41,25
3041,4,42,23
3042,4,43,30
3043,4,44,34
3044,4,45,35
3045,4,46,40
3046,4,47,28
3047,4,48,34
3048,4,49,36
3049,4,50,38
3050,4,51,25
3051,4,52,28
3052,4,53,29
3053,4,54,37
3054,4,55,28
3055,4,56,40
3056,4,57,23
3057,4,58,29
3058,4,59,23
3059,4,60,32
3060,4,61,36
3061,4,62,21
3062,4,63,40
3063,4,64,27
3064,4,65,20
3065,4,66,34
3066,4,67,33
3067,4,68,36
3068,4,69,34
3069,4,70,32
3070,4,71,20
3071,4,72,32
3072,4,73,26
3073,4,74,26
3074,4,75,40
3075,4,76,32
3076,4,77,26
3077,4,78,20
3078,4,79,26
3079,4,80,33
3080,4,81,25
3081,4,82,29
3082,4,83,40
3083,4,84,27
3084,4,85,36
3085,4,86,24
3086,4,87,22
3087,4,88,29
3088,4,89,40
3089,4,90,38
3090,4,91,35
3091,4,92,23
3092,4,93,27
3093,4,94,23
3094,4,95,39
3095,4,96,20
3096,4,97,39
3097,4,98,30
3098,4,99,35
3099,4,100,22
3100,4,101,39
3101,4,102,34
3102,4,103,34
3103,4,104,32
3104,4,105,29
3105,4,106,24
3106,4,107,35
3107,4,108,35
3108,4,109,33
3109,4,110,29
3110,4,111,29
3111,4,112,38
3112,4,113,29
3113,4,114,25
3114,4,115,28
3115,4,116,40
3116,4,117,34
3117,4,118,22
3118,4,119,36
3119,4,120,38
3120,4,121,21
3121,4,122,26
3122,4,123,37
3123,4,124,40
3124,4,125,23
3125,4,126,39
3126,4,127,29
3127,4,128,27
3128,4,129,40
3129,4,130,24
3130,4,131,30
3131,4,132,35
3132,4,133,35
3133,4,134,32
3134,4,135,24
3135,4,136,40
3136,4,137,29
3137,4,138,32
3138,4,139,22
3139,4,140,24
3140,4,141,39
3141,4,142,40
3142,4,143,32
3143,4,144,35
3144,4,145,40
3145,4,146,33
3146,4,147,36
3147,4,148,34
3148,4,149,30
3149,4,150,37
3150,4,151,23
3151,4,152,37
3152,4,153,35
3153,4,154,38
3154,4,155,30
3155,4,156,33
3156,4,157,22
3157,4,158,38
3158,4,159,32
3159,4,160,26
3160,4,161,31
3161,4,162,27
3162,4,163,35
3163,4,164,23
3164,4,165,26
3165,4,166,33
3166,4,167,25
3167,4,168,24
3168,4,169,40
3169,4,170,20
3170,4,171,36
3171,4,172,25
3172,4,173,22
3173,4,174,37
3174,4,175,40
3175,4,176,29
3176,4,177,37
3177,4,178,20
3178,4,179,40
3179,4,180,25
3180,4,181,24
3181,4,182,22
3182,4,183,38
3183,4,184,29
3184,4,185,22
3185,4,186,28
3186,4,187,38
3187,4,188,32
3188,4,189,35
3189,4,190,35
3190,4,191,21
3191,4,192,30
3192,4,193,35
3193,4,194,34
3194,4,195,30
3195,4,196,28
3196,4,197,24
3197,4,198,30
3198,4,199,26
3199,4,200,36
3200,4,201,29
3201,4,202,33
3202,4,203,36
3203,4,204,32
3204,4,205,39
3205,4,206,27
3206,4,207,33
3207,4,208,33
3208,4,209,40
3209,4,210,36
3210,4,211,35
3211,4,212,31
3212,4,213,22
3213,4,214,32
3214,4,215,38
3215,4,216,25
3216,4,217,40
3217,4,218,25
3218,4,219,22
3219,4,220,23
3220,4,221,36
3221,4,222,35
3222,4,223,37
3223,4,224,38
3224,4,225,27
3225,4,226,30
3226,4,227,26
3227,4,228,37
3228,4,229,20
3229,4,230,27
3230,4,231,29
3231,4,232,30
3232,4,233,28
3233,4,234,38
3234,4,235,30
3235,4,236,27
3236,4,237,21
3237,4,238,24
3238,4,239,24
3239,4,240,40
3240,4,241,23
3241,4,242,40
3242,4,243,21
3243,4,244,23
3244,4,245,37
3245,4,246,36
3246,4,247,22
3247,4,248,33
3248,4,249,35
3249,4,250,32
3250,4,251,39
3251,4,252,37
3252,4,253,21
3253,4,254,24
3254,4,255,33
3255,4,256,33
3256,4,257,29
3257,4,258,29
3258,4,259,31
3259,4,260,38
3260,4,261,24
3261,4,262,30
3262,4,263,25
3263,4,264,38
3264,4,265,28
3265,4,266,32
3266,4,267,39
3267,4,268,32
3268,4,269,35
3269,4,270,21
3270,4,271,39
3271,4,272,24
3272,4,273,31
3273,4,274,31
3274,4,275,36
3275,4,276,27
3276,4,277,25
3277,4,278,23
3278,4,279,29
3279,4,280,20
3280,4,281,27
3281,4,282,33
3282,4,283,33
3283,4,284,33
3284,4,285,36
3285,4,286,26
3286,4,287,33
3287,4,288,25
3288,4,289,34
3289,4,290,27
3290,4,291,28
3291,4,292,28
3292,4,293,39
3293,4,294,23
3294,4,295,22
3295,4,296,30
3296,4,297,23
3297,4,298,35
3298,4,299,26
3299,4,300,31
3300,4,301,36
3301,4,302,25
3302,4,303,36
3303,4,304,38
3304,4,305,30
3305,4,306,25
3306,4,307,28
3307,4,308,35
3308,4,309,36
3309,4,310,23
3310,4,311,20
3311,4,312,38
3312,4,313,24
3313,4,314,37
3314,4,315,38
3315,4,316,39
3316,4,317,33
3317,4,318,30
3318,4,319,32
3319,4,320,38
3320,4,321,38
3321,4,322,37
3322,4,323,20
3323,4,324,24
3324,4,325,29
3325,4,326,34
3326,4,327,34
3327,4,328,30
3328,4,329,20
3329,4,330,36
3330,4,331,34
3331,4,332,33
3332,4,333,23
3333,4,334,34
3334,4,335,22
3335,4,336,36
3336,4,337,40
3337,4,338,36
3338,4,339,26
3339,4,340,39
3340,4,341,25
3341,4,342,34
3342,4,343,24
3343,4,344,31
3344,4,345,24
3345,4,346,29
3346,4,347,35
3347,4,348,28
3348,4,349,25
3349,4,350,38
3350,4,351,27
3351,4,352,36
3352,4,353,34
3353,4,354,38
3354,4,355,36
3355,4,356,26
3356,4,357,28
3357,4,358,20
3358,4,359,26
3359,4,360,21
3360,4,361,39
3361,4,362,20
3362,4,363,21
3363,4,364,26
3364,4,365,29
3365,4,366,33
3366,4,367,33
3367,4,368,40
3368,4,369,23
3369,4,370,35
3370,4,371,21
3371,4,372,33
3372,4,373,22
3373,4,374,38
3374,4,375,34
3375,4,376,39
3376,4,377,38
3377,4,378,28
3378,4,379,23
3379,4,380,34
3380,4,381,32
3381,4,382,40
3382,4,383,21
3383,4,384,27
3384,4,385,38
3385,4,386,26
3386,4,387,25
3387,4,388,21
3388,4,389,23
3389,4,390,38
3390,4,391,39
3391,4,392,40
3392,4,393,34
3393,4,394,40
3394,4,395,21
3395,4,396,33
3396,4,397,33
3397,4,398,21
3398,4,399,23
3399,4,400,27
3400,4,401,38
3401,4,402,28
3402,4,403,33
3403,4,404,24
3404,4,405,39
3405,4,406,37
3406,4,407,31
3407,4,408,37
3408,4,409,40
3409,4,410,21
3410,4,411,24
3411,4,412,36
3412,4,413,31
3413,4,414,40
3414,4,415,25
3415,4,416,20
3416,4,417,28
3417,4,418,38
3418,4,419,40
3419,4,420,23
3420,4,421,28
3421,4,422,33
3422,4,423,24
3423,4,424,32
3424,4,425,40
3425,4,426,22
3426,4,427,21
3427,4,428,23
3428,4,429,22
3429,4,430,37
3430,4,431,30
3431,4,432,32
3432,4,433,38
3433,4,434,34
3434,4,435,30
3435,4,436,30
3436,4,437,35
3437,4,438,27
3438,4,439,22
3439,4,440,20
3440,4,441,20
3441,4,442,35
3442,4,443,37
3443,4,444,29
3444,4,445,24
3445,4,446,22
3446,4,447,37
3447,4,448,30
3448,4,449,33
3449,4,450,27
3450,4,451,32
3451,4,452,35
3452,4,453,39
3453,4,454,30
3454,4,455,24
3455,4,456,33
3456,4,457,34
3457,4,458,23
3458,4,459,31
3459,4,460,40
3460,4,461,20
3461,4,462,27
3462,4,463,24
3463,4,464,39
3464,4,465,35
3465,4,466,39
3466,4,467,23
3467,4,468,40
3468,4,469,32
3469,4,470,31
3470,4,471,27
3471,4,472,40
3472,4,473,37
3473,4,474,39
3474,4,475,29
3475,4,476,38
3476,4,477,20
3477,4,478,35
3478,4,479,36
3479,4,480,32
3480,4,481,34
3481,4,482,26
3482,4,483,23
3483,4,484,37
3484,4,485,30
3485,4,486,25
3486,4,487,37
3487,4,488,38
3488,4,489,26
3489,4,490,34
3490,4,491,40
3491,4,492,25
3492,4,493,21
3493,4,494,37
3494,4,495,23
3495,4,496,27
3496,4,497,29
3497,4,498,20
3498,4,499,29
3499,4,500,23
3500,4,501,28
3501,4,502,36
3502,4,503,20
3503,4,504,36
3504,4,505,28
3505,4,506,39
3506,4,507,22
3507,4,508,33
3508,4,509,27
3509,4,510,25
3510,4,511,27
3511,4,512,32
3512,4,513,25
3513,4,514,40
3514,4,515,36
3515,4,516,29
3516,4,517,34
3517,4,518,30
3518,4,519,36
3519,4,520,27
3520,4,521,35
3521,4,522,29
3522,4,523,32
3523,4,524,37
3524,4,525,38
3525,4,526,29
3526,4,527,38
3527,4,528,36
3528,4,529,20
3529,4,530,30
3530,4,531,37
3531,4,532,21
3532,4,533,37
3533,4,534,35
3534,4,535,23
3535,4,536,36
3536,4,537,34
3537,4,538,36
3538,4,539,30
3539,4,540,27
3540,4,541,25
3541,4,542,29
3542,4,543,26
3543,4,544,25
3544,4,545,37
3545,4,546,37
3546,4,547,31
3547,4,548,20
3548,4,549,32
3549,4,550,30
3550,4,551,40
3551,4,552,39
3552,4,553,36
3553,4,554,40
3554,4,555,23
3555,4,556,27
3556,4,557,39
3557,4,558,37
3558,4,559,24
3559,4,560,27
3560,4,561,32
3561,4,562,35
3562,4,563,34
3563,4,564,38
3564,4,565,31
3565,4,566,30
3566,4,567,22
3567,4,568,29
3568,4,569,34
3569,4,570,29
3570,4,571,28
3571,4,572,38
3572,4,573,23
3573,4,574,31
3574,4,575,32
3575,4,576,23
3576,4,577,30
3577,4,578,24
3578,4,579,27
3579,4,580,27
3580,4,581,35
3581,4,582,28
3582,4,583,21
3583,4,584,35
3584,4,585,35
3585,4,586,23
3586,4,587,31
3587,4,588,30
3588,4,589,24
3589,4,590,25
3590,4,591,29
3591,4,592,39
3592,4,593,26
3593,4,594,31
3594,4,595,36
3595,4,596,30
3596,4,597,22
3597,4,598,22
3598,4,599,21
3599,4,600,29
3600,4,601,20
3601,4,602,38
3602,4,603,37
3603,4,604,32
3604,4,605,38
3605,4,606,28
3606,4,607,37
3607,4,608,28
3608,4,609,36
3609,4,610,25
3610,4,611,39
3611,4,612,21
3612,4,613,37
3613,4,614,32
3614,4,615,40
3615,4,616,39
3616,4,617,26
3617,4,618,21
3618,4,619,40
3619,4,620,26
3620,4,621,23
3621,4,622,21
3622,4,623,40
3623,4,624,21
3624,4,625,36
3625,4,626,36
3626,4,627,24
3627,4,628,36
3628,4,629,29
3629,4,630,25
3630,4,631,22
3631,4,632,28
3632,4,633,23
3633,4,634,38
3634,4,635,23
3635,4,636,32
3636,4,637,27
3637,4,638,39
3638,4,639,26
3639,4,640,32
3640,4,641,38
3641,4,642,26
3642,4,643,28
3643,4,644,25
3644,4,645,23
3645,4,646,23
3646,4,647,35
3647,4,648,35
3648,4,649,34
3649,4,650,38
3650,4,651,30
3651,4,652,35
3652,4,653,31
3653,4,654,36
3654,4,655,27
3655,4,656,21
3656,4,657,38
3657,4,658,20
3658,4,659,39
3659,4,660,29
3660,4,661,25
3661,4,662,21
3662,4,663,23
3663,4,664,22
3664,4,665,34
3665,4,666,26
3666,4,667,39
3667,4,668,34
3668,4,669,35
3669,4,670,33
3670,4,671,27
3671,4,672,23
3672,4,673,26
3673,4,674,39
3674,4,675,28
3675,4,676,33
3676,4,677,37
3677,4,678,32
3678,4,679,31
3679,4,680,26
3680,4,681,22
3681,4,682,29
3682,4,683,37
3683,4,684,20
3684,4,685,38
3685,4,686,28
3686,4,687,37
3687,4,688,24
3688,4,689,33
3689,4,690,37
3690,4,691,36
3691,4,692,22
3692,4,693,28
3693,4,694,28
3694,4,695,36
3695,4,696,26
3696,4,697,30
3697,4,698,30
3698,4,699,31
3699,4,700,25
3700,4,701,25
3701,4,702,25
3702,4,703,27
3703,4,704,33
3704,4,705,26
3705,4,706,29
3706,4,707,27
3707,4,708,37
3708,4,709,24
3709,4,710,24
3710,4,711,39
3711,4,712,39
3712,4,713,38
3713,4,714,31
3714,4,715,21
3715,4,716,25
3716,4,717,23
3717,4,718,34
3718,4,719,32
3719,4,720,37
3720,4,721,22
3721,4,722,28
3722,4,723,22
3723,4,724,30
3724,4,725,36
3725,4,726,34
3726,4,727,26
3727,4,728,21
3728,4,729,39
3729,4,730,31
3730,4,731,22
3731,4,732,36
3732,4,733,27
3733,4,734,24
3734,4,735,29
3735,4,736,29
3736,4,737,20
3737,4,738,36
3738,4,739,25
3739,4,740,33
3740,4,741,37
3741,4,742,24
3742,4,743,30
3743,4,744,37
3744,4,745,25
3745,4,746,25
3746,4,747,22
3747,4,748,20
3748,4,749,22
3749,4,750,28
3750,4,751,39
3751,4,752,26
3752,4,753,33
3753,4,754,24
3754,4,755,22
3755,4,756,38
3756,4,757,27
3757,4,758,37
3758,4,759,38
3759,4,760,37
3760,4,761,25
3761,4,762,25
3762,4,763,33
3763,4,764,30
3764,4,765,39
3765,4,766,39
3766,4,767,30
3767,4,768,21
3768,4,769,29
3769,4,770,27
3770,4,771,38
3771,4,772,38
3772,4,773,27
3773,4,774,24
3774,4,775,21
3775,4,776,38
3776,4,777,32
3777,4,778,40
3778,4,779,37
3779,4,780,37
3780,4,781,23
3781,4,782,31
3782,4,783,22
3783,4,784,29
3784,4,785,27
3785,4,786,25
3786,4,787,33
3787,4,788,38
3788,4,789,24
3789,4,790,25
3790,4,791,29
3791,4,792,40
3792,4,793,20
3793,4,794,30
3794,4,795,37
3795,4,796,37
3796,4,797,25
3797,4,798,36
3798,4,799,33
3799,4,800,36
3800,4,801,21
3801,4,802,34
3802,4,803,26
3803,4,804,21
3804,4,805,35
3805,4,806,26
3806,4,807,28
3807,4,808,32
3808,4,809,32
3809,4,810,28
3810,4,811,23
3811,4,812,32
3812,4,813,37
3813,4,814,37
3814,4,815,29
3815,4,816,25
3816,4,817,33
3817,4,818,37
3818,4,819,38
3819,4,820,35
3820,4,821,27
3821,4,822,22
3822,4,823,35
3823,4,824,34
3824,4,825,33
3825,4,826,32
3826,4,827,35
3827,4,828,33
3828,4,829,21
3829,4,830,21
3830,4,831,29
3831,4,832,20
3832,4,833,24
3833,4,834,28
3834,4,835,38
3835,4,836,21
3836,4,837,26
3837,4,838,30
3838,4,839,27
3839,4,840,29
3840,4,841,39
3841,4,842,24
3842,4,843,38
3843,4,844,22
3844,4,845,25
3845,4,846,32
3846,4,847,22
3847,4,848,34
3848,4,849,25
3849,4,850,36
3850,4,851,38
3851,4,852,25
3852,4,853,21
3853,4,854,40
3854,4,855,40
3855,4,856,30
3856,4,857,24
3857,4,858,32
3858,4,859,30
3859,4,860,37
3860,4,861,28
3861,4,862,34
3862,4,863,22
3863,4,864,23
3864,4,865,33
3865,4,866,25
3866,4,867,25
3867,4,868,40
3868,4,869,29
3869,4,870,30
3870,4,871,21
3871,4,872,22
3872,4,873,24
3873,4,874,34
3874,4,875,26
3875,4,876,25
3876,4,877,38
3877,4,878,30
3878,4,879,21
3879,4,880,27
3880,4,881,29
3881,4,882,31
3882,4,883,21
3883,4,884,39
3884,4,885,27
3885,4,886,22
3886,4,887,24
3887,4,888,36
3888,4,889,26
3889,4,890,37
3890,4,891,40
3891,4,892,20
3892,4,893,31
3893,4,894,36
3894,4,895,40
3895,4,896,26
3896,4,897,26
3897,4,898,22
3898,4,899,23
3899,4,900,33
3900,4,901,34
3901,4,902,31
3902,4,903,20
3903,4,904,34
3904,4,905,39
3905,4,906,21
3906,4,907,25
3907,4,908,20
3908,4,909,36
3909,4,910,26
3910,4,911,31
3911,4,912,26
3912,4,913,31
3913,4,914,35
3914,4,915,32
3915,4,916,29
3916,4,917,26
3917,4,918,31
3918,4,919,33
3919,4,920,24
3920,4,921,32
3921,4,922,35
3922,4,923,21
3923,4,924,28
3924,4,925,28
3925,4,926,27
3926,4,927,35
3927,4,928,37
3928,4,929,37
3929,4,930,39
3930,4,931,25
3931,4,932,22
3932,4,933,34
3933,4,934,30
3934,4,935,20
3935,4,936,38
3936,4,937,33
3937,4,938,20
3938,4,939,25
3939,4,940,27
3940,4,941,21
3941,4,942,31
3942,4,943,37
3943,4,944,28
3944,4,945,21
3945,4,946,30
3946,4,947,21
3947,4,948,30
3948,4,949,34
3949,4,950,20
3950,4,951,35
3951,4,952,20
3952,4,953,35
3953,4,954,23
3954,4,955,35
3955,4,956,28
3956,4,957,20
3957,4,958,33
3958,4,959,35
3959,4,960,22
3960,4,961,36
3961,4,962,36
3962,4,963,40
3963,4,964,39
3964,4,965,36
3965,4,966,23
3966,4,967,24
3967,4,968,26
3968,4,969,36
3969,4,970,32
3970,4,971,21
3971,4,972,34
3972,4,973,37
3973,4,974,31
3974,4,975,30
3975,4,976,34
3976,4,977,31
3977,4,978,25
3978,4,979,20
3979,4,980,32
3980,4,981,34
3981,4,982,31
3982,4,983,20
3983,4,984,38
3984,4,985,32
3985,4,986,22
3986,4,987,29
3987,4,988,36
3988,4,989,28
3989,4,990,34
3990,4,991,25
3991,4,992,21
3992,4,993,23
3993,4,994,29
3994,4,995,35
3995,4,996,31
3996,4,997,23
3997,4,998,36
3998,4,999,31
3999,4,1000,37
4000,5,1,34
4001,5,2,39
4002,5,3,39
4003,5,4,34
4004,5,5,35
4005,5,6,38
4006,5,7,31
4007,5,8,40
4008,5,9,33
4009,5,10,40
4010,5,11,32
4011,5,12,34
4012,5,13,36
4013,5,14,33
4014,5,15,38
4015,5,16,32
4016,5,17,39
4017,5,18,36
4018,5,19,40
4019,5,20,36
4020,5,21,30
4021,5,22,34
4022,5,23,36
4023,5,24,38
4024,5,25,40
4025,5,26,35
4026,5,27,39
4027,5,28,33
4028,5,29,35
4029,5,30,37
4030,5,31,38
4031,5,32,35
4032,5,33,39
4033,5,34,37
4034,5,35,37
4035,5,36,35
4036,5,37,40
4037,5,38,30
4038,5,39,37
4039,5,40,32
4040,5,41,32
4041,5,42,34
4042,5,43,37
4043,5,44,30
4044,5,45,40
4045,5,46,38
4046,5,47,30
4047,5,48,39
4048,5,49,35
4049,5,50,38
4050,5,51,40
4051,5,52,36
4052,5,53,33
4053,5,54,38
4054,5,55,35
4055,5,56,36
4056,5,57,38
4057,5,58,33
4058,5,59,35
4059,5,60,38
4060,5,61,36
4061,5,62,36
4062,5,63,38
4063,5,64,35
4064,5,65,37
4065,5,66,31
4066,5,67,34
4067,5,68,31
4068,5,69,31
4069,5,70,34
4070,5,71,32
4071,5,72,37
4072,5,73,34
4073,5,74,39
4074,5,75,33
4075,5,76,33
4076,5,77,37
4077,5,78,33
4078,5,79,36
4079,5,80,31
4080,5,81,39
4081,5,82,40
4082,5,83,36
4083,5,84,33
4084,5,85,38
4085,5,86,35
4086,5,87,34
4087,5,88,40
4088,5,89,35
4089,5,90,39
4090,5,91,34
4091,5,92,36
4092,5,93,30
4093,5,94,33
4094,5,95,30
4095,5,96,36
4096,5,97,32
4097,5,98,33
4098,5,99,34
4099,5,100,31
4100,5,101,30
4101,5,102,40
4102,5,103,33
4103,5,104,31
4104,5,105,37
4105,5,106,35
4106,5,107,32
4107,5,108,38
4108,5,109,36
4109,5,110,32
4110,5,111,33
4111,5,112,32
4112,5,113,35
4113,5,114,40
4114,5,115,32
4115,5,116,40
4116,5,117,31
4117,5,118,38
4118,5,119,30
4119,5,120,37
4120,5,121,34
4121,5,122,38
4122,5,123,38
4123,5,124,34
4124,5,125,37
4125,5,126,39
4126,5,127,31
4127,5,128,39
4128,5,129,34
4129,5,130,39
4130,5,131,35
4131,5,132,33
4132,5,133,30
4133,5,134,39
4134,5,135,34
4135,5,136,40
4136,5,137,30
4137,5,138,37
4138,5,139,31
4139,5,140,36
4140,5,141,34
4141,5,142,37
4142,5,143,33
4143,5,144,34
4144,5,145,33
4145,5,146,35
4146,5,147,40
4147,5,148,32
4148,5,149,39
4149,5,150,35
4150,5,151,35
4151,5,152,32
4152,5,153,36
4153,5,154,38
4154,5,155,33
4155,5,156,34
4156,5,157,39
4157,5,158,37
4158,5,159,31
4159,5,160,31
4160,5,161,32
4161,5,162,38
4162,5,163,36
4163,5,164,32
4164,5,165,37
4165,5,166,32
4166,5,167,31
4167,5,168,30
4168,5,169,34
4169,5,170,30
4170,5,171,35
4171,5,172,31
4172,5,173,40
4173,5,174,38
4174,5,175,31
4175,5,176,32
4176,5,177,31
4177,5,178,39
4178,5,179,36
4179,5,180,34
4180,5,181,35
4181,5,182,34
4182,5,183,34
4183,5,184,40
4184,5,185,34
4185,5,186,35
4186,5,187,40
4187,5,188,31
4188,5,189,33
4189,5,190,36
4190,5,191,30
4191,5,192,37
4192,5,193,35
4193,5,194,33
4194,5,195,39
4195,5,196,30
4196,5,197,34
4197,5,198,39
4198,5,199,34
4199,5,200,40
4200,5,201,38
4201,5,202,35
4202,5,203,39
4203,5,204,38
4204,5,205,39
4205,5,206,32
4206,5,207,37
4207,5,208,38
4208,5,209,40
4209,5,210,35
4210,5,211,39
4211,5,212,32
4212,5,213,38
4213,5,214,39
4214,5,215,31
4215,5,216,31
4216,5,217,30
4217,5,218,31
4218,5,219,31
4219,5,220,32
4220,5,221,33
4221,5,222,32
4222,5,223,35
4223,5,224,32
4224,5,225,35
4225,5,226,36
4226,5,227,32
4227,5,228,31
4228,5,229,32
4229,5,230,35
4230,5,231,32
4231,5,232,32
4232,5,233,36
4233,5,234,31
4234,5,235,32
4235,5,236,30
4236,5,237,40
4237,5,238,37
4238,5,239,39
4239,5,240,40
4240,5,241,40
4241,5,242,33
4242,5,243,32
4243,5,244,39
4244,5,245,32
4245,5,246,32
4246,5,247,38
4247,5,248,40
4248,5,249,38
4249,5,250,31
4250,5,251,35
4251,5,252,30
4252,5,253,33
4253,5,254,33
4254,5,255,32
4255,5,256,33
4256,5,257,34
4257,5,258,31
4258,5,259,32
4259,5,260,31
4260,5,261,34
4261,5,262,39
4262,5,263,35
4263,5,264,35
4264,5,265,37
4265,5,266,31
4266,5,267,33
4267,5,268,30
4268,5,269,39
4269,5,270,40
4270,5,271,37
4271,5,272,31
4272,5,273,30
4273,5,274,38
4274,5,275,33
4275,5,276,38
4276,5,277,35
4277,5,278,38
4278,5,279,31
4279,5,280,40
4280,5,281,33
4281,5,282,37
4282,5,283,39
4283,5,284,35
4284,5,285,32
4285,5,286,40
4286,5,287,35
4287,5,288,40
4288,5,289,33
4289,5,290,40
4290,5,291,35
4291,5,292,37
4292,5,293,37
4293,5,294,34
4294,5,295,40
4295,5,296,35
4296,5,297,35
4297,5,298,33
4298,5,299,31
4299,5,300,32
4300,5,301,38
4301,5,302,40
4302,5,303,31
4303,5,304,33
4304,5,305,30
4305,5,306,35
4306,5,307,37
4307,5,308,31
4308,5,309,32
4309,5,310,35
4310,5,311,31
4311,5,312,33
4312,5,313,34
4313,5,314,30
4314,5,315,40
4315,5,316,35
4316,5,317,39
4317,5,318,36
4318,5,319,40
4319,5,320,31
4320,5,321,31
4321,5,322,33
4322,5,323,39
4323,5,324,33
4324,5,325,32
4325,5,326,31
4326,5,327,37
4327,5,328,39
4328,5,329,33
4329,5,330,37
4330,5,331,33
4331,5,332,38
4332,5,333,36
4333,5,334,39
4334,5,335,40
4335,5,336,40
4336,5,337,30
4337,5,338,37
4338,5,339,30
4339,5,340,36
4340,5,341,37
4341,5,342,39
4342,5,343,31
4343,5,344,40
4344,5,345,31
4345,5,346,35
4346,5,347,35
4347,5,348,30
4348,5,349,38
4349,5,350,35
4350,5,351,32
4351,5,352,40
4352,5,353,38
4353,5,354,31
4354,5,355,32
4355,5,356,38
4356,5,357,38
4357,5,358,32
4358,5,359,35
4359,5,360,39
4360,5,361,30
4361,5,362,32
4362,5,363,36
4363,5,364,36
4364,5,365,34
4365,5,366,32
4366,5,367,33
4367,5,368,40
4368,5,369,31
4369,5,370,37
4370,5,371,36
4371,5,372,32
4372,5,373,34
4373,5,374,31
4374,5,375,35
4375,5,376,33
4376,5,377,34
4377,5,378,37
4378,5,379,40
4379,5,380,38
4380,5,381,31
4381,5,382,36
4382,5,383,32
4383,5,384,40
4384,5,385,35
4385,5,386,40
4386,5,387,40
4387,5,388,31
4388,5,389,34
4389,5,390,33
4390,5,391,35
4391,5,392,39
4392,5,393,34
4393,5,394,34
4394,5,395,38
4395,5,396,36
4396,5,397,37
4397,5,398,31
4398,5,399,32
4399,5,400,37
4400,5,401,34
4401,5,402,35
4402,5,403,31
4403,5,404,34
4404,5,405,30
4405,5,406,37
4406,5,407,35
4407,5,408,33
4408,5,409,31
4409,5,410,36
4410,5,411,32
4411,5,412,40
4412,5,413,38
4413,5,414,30
4414,5,415,32
4415,5,416,39
4416,5,417,31
4417,5,418,30
4418,5,419,31
4419,5,420,35
4420,5,421,33
4421,5,422,30
4422,5,423,38
4423,5,424,36
4424,5,425,40
4425,5,426,35
4426,5,427,40
4427,5,428,35
4428,5,429,32
4429,5,430,31
4430,5,431,33
4431,5,432,33
4432,5,433,35
4433,5,434,31
4434,5,435,37
4435,5,436,34
4436,5,437,33
4437,5,438,31
4438,5,439,30
4439,5,440,30
4440,5,441,35
4441,5,442,34
4442,5,443,33
4443,5,444,34
4444,5,445,36
4445,5,446,37
4446,5,447,37
4447,5,448,32
4448,5,449,32
4449,5,450,39
4450,5,451,32
4451,5,452,36
4452,5,453,39
4453,5,454,32
4454,5,455,36
4455,5,456,33
4456,5,457,34
4457,5,458,37
4458,5,459,32
4459,5,460,32
4460,5,461,35
4461,5,462,33
4462,5,463,36
4463,5,464,33
4464,5,465,35
4465,5,466,38
4466,5,467,36
4467,5,468,36
4468,5,469,31
4469,5,470,40
4470,5,471,36
4471,5,472,33
4472,5,473,36
4473,5,474,37
4474,5,475,40
4475,5,476,35
4476,5,477,30
4477,5,478,35
4478,5,479,40
4479,5,480,39
4480,5,481,35
4481,5,482,35
4482,5,483,39
4483,5,484,35
4484,5,485,33
4485,5,486,37
4486,5,487,32
4487,5,488,38
4488,5,489,37
4489,5,490,33
4490,5,491,31
4491,5,492,37
4492,5,493,31
4493,5,494,30
4494,5,495,30
4495,5,496,39
4496,5,497,34
4497,5,498,37
4498,5,499,38
4499,5,500,38
4500,5,501,31
4501,5,502,30
4502,5,503,31
4503,5,504,39
4504,5,505,37
4505,5,506,36
4506,5,507,37
4507,5,508,40
4508,5,509,36
4509,5,510,31
4510,5,511,40
4511,5,512,32
4512,5,513,34
4513,5,514,37
4514,5,515,32
4515,5,516,34
4516,5,517,31
4517,5,518,37
4518,5,519,32
4519,5,520,33
4520,5,521,38
4521,5,522,36
4522,5,523,34
4523,5,524,37
4524,5,525,36
4525,5,526,38
4526,5,527,35
4527,5,528,34
4528,5,529,34
4529,5,530,32
4530,5,531,30
4531,5,532,34
4532,5,533,34
4533,5,534,35
4534,5,535,36
4535,5,536,30
4536,5,537,32
4537,5,538,30
4538,5,539,34
4539,5,540,34
4540,5,541,34
4541,5,542,35
4542,5,543,37
4543,5,544,31
4544,5,545,32
4545,5,546,32
4546,5,547,34
4547,5,548,37
4548,5,549,33
4549,5,550,40
4550,5,551,36
4551,5,552,35
4552,5,553,31
4553,5,554,34
4554,5,555,38
4555,5,556,40
4556,5,557,35
4557,5,558,34
4558,5,559,37
4559,5,560,31
4560,5,561,31
4561,5,562,35
4562,5,563,33
4563,5,564,31
4564,5,565,32
4565,5,566,38
4566,5,567,30
4567,5,568,35
4568,5,569,36
4569,5,570,38
4570,5,571,32
4571,5,572,34
4572,5,573,34
4573,5,574,39
4574,5,575,33
4575,5,576,35
4576,5,577,31
4577,5,578,40
4578,5,579,35
4579,5,580,32
4580,5,581,30
4581,5,582,38
4582,5,583,37
4583,5,584,38
4584,5,585,40
4585,5,586,34
4586,5,587,34
4587,5,588,40
4588,5,589,35
4589,5,590,30
4590,5,591,38
4591,5,592,33
4592,5,593,33
4593,5,594,32
4594,5,595,39
4595,5,596,38
4596,5,597,40
4597,5,598,31
4598,5,599,39
4599,5,600,36
4600,5,601,33
4601,5,602,40
4602,5,603,36
4603,5,604,30
4604,5,605,38
4605,5,606,40
4606,5,607,34
4607,5,608,38
4608,5,609,32
4609,5,610,40
4610,5,611,34
4611,5,612,39
4612,5,613,36
4613,5,614,38
4614,5,615,33
4615,5,616,37
4616,5,617,35
4617,5,618,37
4618,5,619,31
4619,5,620,35
4620,5,621,33
4621,5,622,37
4622,5,623,34
4623,5,624,35
4624,5,625,33
4625,5,626,32
4626,5,627,38
4627,5,628,40
4628,5,629,33
4629,5,630,34
4630,5,631,33
4631,5,632,36
4632,5,633,34
4633,5,634,38
4634,5,635,31
4635,5,636,36
4636,5,637,38
4637,5,638,35
4638,5,639,40
4639,5,640,33
4640,5,641,35
4641,5,642,32
4642,5,643,33
4643,5,644,33
4644,5,645,38
4645,5,646,39
4646,5,647,34
4647,5,648,38
4648,5,649,34
4649,5,650,31
4650,5,651,31
4651,5,652,33
4652,5,653,39
4653,5,654,40
4654,5,655,37
4655,5,656,40
4656,5,657,39
4657,5,658,32
4658,5,659,34
4659,5,660,39
4660,5,661,35
4661,5,662,36
4662,5,663,35
4663,5,664,40
4664,5,665,31
4665,5,666,33
4666,5,667,36
4667,5,668,39
4668,5,669,35
4669,5,670,33
4670,5,671,34
4671,5,672,30
4672,5,673,30
4673,5,674,37
4674,5,675,39
4675,5,676,40
4676,5,677,36
4677,5,678,40
4678,5,679,38
4679,5,680,32
4680,5,681,38
4681,5,682,37
4682,5,683,38
4683,5,684,36
4684,5,685,30
4685,5,686,40
4686,5,687,38
4687,5,688,30
4688,5,689,37
4689,5,690,35
4690,5,691,36
4691,5,692,32
4692,5,693,40
4693,5,694,39
4694,5,695,38
4695,5,696,31
4696,5,697,40
4697,5,698,40
4698,5,699,32
4699,5,700,38
4700,5,701,32
4701,5,702,36
4702,5,703,35
4703,5,704,35
4704,5,705,37
4705,5,706,35
4706,5,707,35
4707,5,708,32
4708,5,709,30
4709,5,710,32
4710,5,711,31
4711,5,712,37
4712,5,713,34
4713,5,714,32
4714,5,715,31
4715,5,716,30
4716,5,717,38
4717,5,718,37
4718,5,719,31
4719,5,720,32
4720,5,721,31
4721,5,722,39
4722,5,723,30
4723,5,724,39
4724,5,725,32
4725,5,726,40
4726,5,727,32
4727,5,728,36
4728,5,729,39
4729,5,730,31
4730,5,731,31
4731,5,732,37
4732,5,733,35
4733,5,734,34
4734,5,735,37
4735,5,736,34
4736,5,737,32
4737,5,738,39
4738,5,739,35
4739,5,740,37
4740,5,741,30
4741,5,742,33
4742,5,743,30
4743,5,744,32
4744,5,745,40
4745,5,746,31
4746,5,747,37
4747,5,748,34
4748,5,749,31
4749,5,750,34
4750,5,751,38
4751,5,752,33
4752,5,753,38
4753,5,754,32
4754,5,755,31
4755,5,756,38
4756,5,757,32
4757,5,758,31
4758,5,759,34
4759,5,760,40
4760,5,761,39
4761,5,762,37
4762,5,763,36
4763,5,764,33
4764,5,765,40
4765,5,766,32
4766,5,767,40
4767,5,768,30
4768,5,769,36
4769,5,770,34
4770,5,771,30
4771,5,772,40
4772,5,773,31
4773,5,774,32
4774,5,775,36
4775,5,776,39
4776,5,777,31
4777,5,778,34
4778,5,779,31
4779,5,780,33
4780,5,781,34
4781,5,782,39
4782,5,783,30
4783,5,784,32
4784,5,785,30
4785,5,786,34
4786,5,787,37
4787,5,788,35
4788,5,789,37
4789,5,790,40
4790,5,791,40
4791,5,792,40
4792,5,793,34
4793,5,794,34
4794,5,795,34
4795,5,796,30
4796,5,797,33
4797,5,798,36
4798,5,799,35
4799,5,800,36
4800,5,801,37
4801,5,802,30
4802,5,803,31
4803,5,804,31
4804,5,805,36
4805,5,806,32
4806,5,807,39
4807,5,808,40
4808,5,809,32
4809,5,810,32
4810,5,811,31
4811,5,812,33
4812,5,813,37
4813,5,814,39
4814,5,815,40
4815,5,816,32
4816,5,817,34
4817,5,818,40
4818,5,819,32
4819,5,820,35
4820,5,821,34
4821,5,822,40
4822,5,823,33
4823,5,824,39
4824,5,825,40
4825,5,826,34
4826,5,827,36
4827,5,828,36
4828,5,829,38
4829,5,830,30
4830,5,831,35
4831,5,832,34
4832,5,833,33
4833,5,834,37
4834,5,835,32
4835,5,836,32
4836,5,837,30
4837,5,838,34
4838,5,839,39
4839,5,840,35
4840,5,841,31
4841,5,842,34
4842,5,843,39
4843,5,844,33
4844,5,845,34
4845,5,846,30
4846,5,847,32
4847,5,848,35
4848,5,849,39
4849,5,850,31
4850,5,851,33
4851,5,852,39
4852,5,853,38
4853,5,854,31
4854,5,855,32
4855,5,856,34
4856,5,857,40
4857,5,858,31
4858,5,859,33
4859,5,860,35
4860,5,861,39
4861,5,862,34
4862,5,863,30
4863,5,864,35
4864,5,865,38
4865,5,866,34
4866,5,867,30
4867,5,868,30
4868,5,869,35
4869,5,870,34
4870,5,871,37
4871,5,872,39
4872,5,873,38
4873,5,874,31
4874,5,875,33
4875,5,876,31
4876,5,877,35
4877,5,878,39
4878,5,879,36
4879,5,880,33
4880,5,881,31
4881,5,882,31
4882,5,883,32
4883,5,884,32
4884,5,885,32
4885,5,886,30
4886,5,887,32
4887,5,888,33
4888,5,889,36
4889,5,890,31
4890,5,891,36
4891,5,892,39
4892,5,893,40
4893,5,894,38
4894,5,895,40
4895,5,896,34
4896,5,897,31
4897,5,898,36
4898,5,899,40
4899,5,900,39
4900,5,901,36
4901,5,902,36
4902,5,903,40
4903,5,904,30
4904,5,905,30
4905,5,906,35
4906,5,907,31
4907,5,908,36
4908,5,909,40
4909,5,910,35
4910,5,911,31
4911,5,912,37
4912,5,913,36
4913,5,914,35
4914,5,915,35
4915,5,916,34
4916,5,917,33
4917,5,918,37
4918,5,919,34
4919,5,920,38
4920,5,921,38
4921,5,922,38
4922,5,923,35
4923,5,924,31
4924,5,925,36
4925,5,926,36
4926,5,927,35
4927,5,928,31
4928,5,929,39
4929,5,930,37
4930,5,931,32
4931,5,932,39
4932,5,933,36
4933,5,934,33
4934,5,935,31
4935,5,936,38
4936,5,937,35
4937,5,938,35
4938,5,939,30
4939,5,940,34
4940,5,941,39
4941,5,942,36
4942,5,943,40
4943,5,944,35
4944,5,945,34
4945,5,946,33
4946,5,947,36
4947,5,948,32
4948,5,949,39
4949,5,950,40
4950,5,951,34
4951,5,952,31
4952,5,953,34
4953,5,954,40
4954,5,955,39
4955,5,956,34
4956,5,957,40
4957,5,958,37
4958,5,959,31
4959,5,960,38
4960,5,961,37
4961,5,962,40
4962,5,963,39
4963,5,964,39
4964,5,965,36
4965,5,966,36
4966,5,967,35
4967,5,968,34
4968,5,969,31
4969,5,970,35
4970,5,971,40
4971,5,972,37
4972,5,973,33
4973,5,974,30
4974,5,975,37
4975,5,976,38
4976,5,977,40
4977,5,978,36
4978,5,979,35
4979,5,980,30
4980,5,981,39
4981,5,982,31
4982,5,983,39
4983,5,984,32
4984,5,985,32
4985,5,986,40
4986,5,987,33
4987,5,988,32
4988,5,989,31
4989,5,990,39
4990,5,991,33
4991,5,992,34
4992,5,993,33
4993,5,994,36
4994,5,995,30
4995,5,996,31
4996,5,997,39
4997,5,998,30
4998,5,999,34
4999,5,1000,38
