,Range,SNR,Number Of People
0,4.592640667283477,21.479652404785156,1
1,4.592640667283477,28.918607711791992,1
2,4.592640488185762,31.600189208984375,1
3,4.739214029706105,17.161577224731445,1
4,5.032361009726077,34.64423370361328,1
5,4.739213854570898,27.17425537109375,1
6,4.592640372622813,63.32754898071289,1
7,4.592640372622813,77.69086456298828,1
8,4.6903560100637245,25.253637313842773,1
9,4.592640354379254,86.96011352539062,1
10,4.739213917778585,57.97470474243164,1
11,4.788071554720717,38.41313934326172,1
12,4.7392140721817135,37.50312042236328,1
13,4.5926405275131925,21.207977294921875,1
14,4.7392140721817135,32.74808883666992,1
15,4.5926406479293345,29.61362648010254,1
16,4.5926406479293345,27.46636199951172,1
17,4.5926406479293345,16.866619110107422,1
18,4.6414981300740665,27.74467658996582,1
19,4.98350344094675,24.668842315673828,1
20,4.690356478315133,18.839275360107422,1
21,4.592640261547544,22.913631439208984,1
22,4.788071476095108,44.27062225341797,1
23,4.788071476095108,116.0082778930664,1
24,4.641497860553023,21.267648696899414,1
25,4.788071554720717,47.59431457519531,1
26,4.788071554720717,25.269262313842773,1
27,4.788071554720717,27.315988540649414,1
28,4.641498138248305,34.39560317993164,1
29,4.641498138248305,48.00685501098633,1
30,4.788071397651805,50.664306640625,1
31,4.641498007386413,29.301305770874023,1
32,4.739213917778585,41.703025817871094,1
33,4.739213917778585,141.68946838378906,1
34,4.739213917778585,34.818748474121094,1
35,4.6903560100637245,45.26107406616211,1
36,4.641498007386413,44.26653289794922,1
37,4.641497942569912,59.62926483154297,1
38,4.592640354379254,123.7488784790039,1
39,4.6903560100637245,40.34157180786133,1
40,4.641497942569912,54.98581314086914,1
41,4.543782286885442,66.1209945678711,1
42,4.543782286885442,156.10858154296875,1
43,4.494924408403603,129.18460083007812,1
44,4.446066890674728,61.42021942138672,1
45,4.494924408403603,45.98091506958008,1
46,4.446066977519052,51.35389709472656,1
47,4.446066890674728,119.20034790039062,1
48,4.397208430649592,84.4457015991211,1
49,4.348350822582831,76.89928436279297,1
50,4.250635128235936,78.23863983154297,1
51,4.201777281062488,70.53822326660156,1
52,4.250635128235936,79.3289566040039,1
53,4.15291943388904,208.96063232421875,1
54,4.104061586715592,173.73133850097656,1
55,4.055203278952819,80.14582061767578,1
56,4.104061586715592,79.824951171875,1
57,4.006345662074033,89.33526611328125,1
58,3.957487879311035,118.9175033569336,1
59,3.9086299576556374,106.58155822753906,1
60,3.8597722987572243,215.6944122314453,1
61,3.8597722987572243,293.8971252441406,1
62,3.8109143424971985,344.3639221191406,1
63,3.8109143424971985,429.9544982910156,1
64,3.8109143424971985,117.36397552490234,1
65,3.7620562295404505,268.14410400390625,1
66,3.7131984491512897,151.64402770996094,1
67,3.7131984815101604,93.2004165649414,1
68,3.6643406993186556,118.33641815185547,1
69,3.859771993516527,64.8987045288086,1
70,3.859771993516527,75.98564147949219,1
71,3.517767040717169,113.25618743896484,1
72,3.517766914381743,77.6978759765625,1
73,3.517766914381743,88.11491394042969,1
74,3.4689089082268456,67.16358184814453,1
75,3.5177670063253443,46.9830436706543,1
76,3.42005142555873,30.711063385009766,1
77,3.3223355822479346,52.76023864746094,1
78,3.273477643290223,44.615970611572266,1
79,3.2734775555902598,49.56806564331055,1
80,3.2734775607390567,44.99341583251953,1
81,3.224619810819817,31.46605110168457,1
82,3.224619810819817,70.49053192138672,1
83,3.224619818285241,170.05471801757812,1
84,3.224619818285241,181.699951171875,1
85,3.224619722151553,97.44773864746094,1
86,3.224619722151553,102.76370239257812,1
87,3.17576177181013,109.86479187011719,1
88,3.1757620358133827,99.8415756225586,1
89,3.1757620358133827,151.07679748535156,1
90,3.175761933639285,138.1904754638672,1
91,3.175761933639285,81.84513092041016,1
92,3.175761933639285,86.88574981689453,1
93,3.078046101879974,311.8832092285156,1
94,3.1269040688466783,99.06317901611328,1
95,3.2734777255879486,87.51588439941406,1
96,3.126904056702809,54.21871566772461,1
97,3.2734773948476086,120.73328399658203,1
98,3.2734773948476086,58.954254150390625,1
99,3.126903846600607,136.06700134277344,1
100,3.1757618920969986,166.29563903808594,1
101,3.1757618920969986,70.07402801513672,1
102,3.175762045434098,62.73377990722656,1
103,3.175762045434098,61.778472900390625,1
104,3.3223355822479346,79.91606140136719,1
105,3.2246199670894957,87.50175476074219,1
106,3.224619780225638,31.56995964050293,1
107,3.3711933919289923,41.373931884765625,1
108,3.3711933919289923,24.57253646850586,1
109,3.2734775789548536,51.79644775390625,1
110,3.468909041583218,25.411714553833008,1
111,3.4689090097851865,38.5125617980957,1
112,3.4689091073078226,73.47035217285156,1
113,3.3711933522700805,82.14988708496094,1
114,3.468909065593418,44.963138580322266,1
115,3.371193271724152,38.787353515625,1
116,3.5177668355928824,57.814239501953125,1
117,3.4200513526918224,90.54610443115234,1
118,3.5177670366191767,69.5300521850586,1
119,3.4689090354680903,67.539306640625,1
120,3.566624863520223,44.11541748046875,1
121,3.4689089680140994,52.20598602294922,1
122,3.6643406593793393,37.735687255859375,1
123,3.5177669488817287,68.41014099121094,1
124,3.5177669488817287,50.150421142578125,1
125,3.5177668045907406,35.344444274902344,1
126,3.5666247744950215,41.949859619140625,1
127,3.6643406593793393,26.988548278808594,1
128,3.664340685166292,46.79696273803711,1
129,3.5177668045907406,56.61396408081055,1
130,3.5177668045907406,94.91140747070312,1
131,3.615482977943285,40.53654479980469,1
132,3.6154828084776454,112.72418212890625,1
133,3.4689091239512853,43.66658020019531,1
134,3.468908888131627,51.05179977416992,1
135,3.4200513734264675,73.8454818725586,1
136,3.4689091239512853,91.94023895263672,1
137,3.4200514183540327,75.47884368896484,1
138,3.4689091239512853,185.13360595703125,1
139,3.4689091239512853,338.6425476074219,1
140,3.322335418739319,81.74877166748047,1
141,3.4200513734264675,137.6683349609375,1
142,3.3711933174827484,114.1087875366211,1
143,3.322335418739319,109.79109954833984,1
144,3.322335418739319,105.06920623779297,1
145,3.27347769924847,149.7971954345703,1
146,3.224620010015916,144.48838806152344,1
147,3.2246199797576214,148.47677612304688,1
148,3.175761923813903,245.92413330078125,1
149,3.175761923813903,175.29539489746094,1
150,3.1269040250704725,250.19479370117188,1
151,3.0780459713800683,163.15524291992188,1
152,3.0780459713800683,206.80787658691406,1
153,3.029188126631124,276.9501953125,1
154,2.9803304359256377,117.95439910888672,1
155,2.980330466927395,118.78002166748047,1
156,2.784898957223629,88.2977294921875,1
157,2.736040979880055,149.87281799316406,1
158,2.687183181789063,117.78852844238281,1
159,2.687183181789063,83.65535736083984,1
160,2.784898957223629,62.67876434326172,1
161,2.736040979880055,118.45651245117188,1
162,2.638325222573664,144.28594970703125,1
163,2.6383252830456314,198.1142120361328,1
164,2.5894673326763504,166.50177001953125,1
165,2.540609640248182,241.0394287109375,1
166,2.5406094543311197,127.97298431396484,1
167,2.49175159975448,284.4515686035156,1
168,2.442893714793797,606.7300415039062,1
169,2.39403581384368,352.1326904296875,1
170,2.3940359380623693,519.491455078125,1
171,2.3451782146313427,507.6325378417969,1
172,2.2963202247390315,470.9671630859375,1
173,2.2963203198992184,389.6243896484375,1
174,2.2474623180380116,113.48997497558594,1
175,2.2474623180380116,228.3415069580078,1
176,2.1986042258557914,112.80654907226562,1
177,2.1986042258557914,218.20509338378906,1
178,2.1986042871408555,467.7184143066406,1
179,2.1986043093405097,412.43902587890625,1
180,2.198604307119126,448.4490051269531,1
181,2.1986044903309425,372.5718994140625,1
182,2.1497465513732315,87.64673614501953,1
183,2.149746472277875,145.1278076171875,1
184,2.24746211550996,305.88848876953125,1
185,2.24746211550996,376.468994140625,1
186,2.24746230856051,395.2149658203125,1
187,2.1497464030230016,309.0564880371094,1
188,2.149746426954538,361.55609130859375,1
189,2.149746426954538,156.18777465820312,1
190,2.1497463773501764,165.8943634033203,1
191,2.1986042491975377,46.65726089477539,1
192,2.1497463773501764,371.76641845703125,1
193,2.149746426954538,174.61831665039062,1
194,2.149746426954538,108.59611511230469,1
195,2.1986043582190873,204.39730834960938,1
196,2.1986043582190873,210.35182189941406,1
197,2.1986042876677248,158.3361358642578,1
198,2.24746211550996,115.28570556640625,1
199,2.2474622042018013,62.23629379272461,1
200,2.296320244092881,83.46690368652344,1
201,2.2963203336417384,75.67942810058594,1
202,2.24746216662477,162.2698974609375,1
203,2.24746216662477,113.96534729003906,1
204,2.2963203336417384,127.50817108154297,1
205,2.296320093663184,284.83074951171875,1
206,2.296320093663184,218.5055389404297,1
207,2.296320159848098,116.5770034790039,1
208,2.296320159848098,117.19072723388672,1
209,2.3940358984522394,180.61277770996094,1
210,2.3940358432344606,104.13314056396484,1
211,2.345178107929299,134.39501953125,1
212,2.345178107929299,176.71429443359375,1
213,2.3451782146313427,85.35853576660156,1
214,2.3451782146313427,46.81645584106445,1
215,2.2963202247390315,46.96567916870117,1
216,2.296320124466075,74.3434829711914,1
217,2.296320124466075,102.29529571533203,1
218,2.2474622410217897,100.02536010742188,1
219,2.2474622410217897,101.3456802368164,1
220,2.198604341103491,63.45313262939453,1
221,2.1986043430510804,104.37818145751953,1
222,2.1986043013186505,71.26810455322266,1
223,2.1497463621834516,90.03623962402344,1
224,2.1497464283132453,90.78453826904297,1
225,2.1008886522067147,68.41002655029297,1
226,2.1008886522067147,75.3948974609375,1
227,2.100888765500608,50.34394073486328,1
228,2.1986043013186505,47.933815002441406,1
229,2.052030844186368,27.082813262939453,1
230,2.100888752729954,31.00725746154785,1
231,2.003172841033344,46.565303802490234,1
232,2.003172780527358,51.07032012939453,1
233,1.9054571667161846,22.45281410217285,1
234,1.9543149177246093,63.21635437011719,1
235,2.0031728668427933,62.7469367980957,1
236,2.052030844186368,63.64156723022461,1
237,2.052030816241942,107.36502075195312,1
238,2.1008886522067147,99.78558349609375,1
239,2.1008886522067147,230.22897338867188,1
240,2.1497464283132453,160.64437866210938,1
241,2.1497463621834516,88.53516387939453,1
242,2.1497463621834516,140.80043029785156,1
243,2.1986043430510804,89.84394073486328,1
244,2.247462257689575,50.41353988647461,1
245,2.2474622410217897,123.89056396484375,1
246,2.2474622410217897,79.88029479980469,1
247,2.296320124466075,126.1014404296875,1
248,2.345177998957201,158.8416290283203,1
249,2.3451782146313427,147.4700164794922,1
250,2.39403581384368,118.00072479248047,1
251,2.3940359380623693,145.24996948242188,1
252,2.3451782146313427,96.50301361083984,1
253,2.4428938450956683,66.46554565429688,1
254,2.4428938450956683,100.77510070800781,1
255,2.4428938450956683,117.37947845458984,1
256,2.3940358432344606,73.2781982421875,1
257,2.3940358984522394,43.37599182128906,1
258,2.3940358984522394,77.7402114868164,1
259,2.3451781616277136,50.7283935546875,1
260,2.4428936414371183,51.0833625793457,1
261,2.3940357452268466,70.62022399902344,1
262,2.3940358610479575,94.21089172363281,1
263,2.3940358610479575,214.11708068847656,1
264,2.34517827259945,96.52147674560547,1
265,2.394035692718296,72.69221496582031,1
266,2.3451780998180816,90.30249786376953,1
267,2.2963201863114064,218.83328247070312,1
268,2.3451780912663285,207.1980438232422,1
269,2.345178181955812,113.75883483886719,1
270,2.24746230856051,137.35887145996094,1
271,2.24746230856051,292.24627685546875,1
272,2.2474623608879467,340.2705383300781,1
273,2.2474623597759975,367.1814880371094,1
274,2.2474623597759975,133.4911651611328,1
275,2.1986042491975377,192.25875854492188,1
276,2.1986042491975377,167.8980255126953,1
277,2.198604389822397,237.16839599609375,1
278,2.1986042491975377,136.9793701171875,1
279,2.1986042491975377,281.9051818847656,1
280,2.1986043939212423,442.5450439453125,1
281,2.1986043939212423,122.08707427978516,1
282,2.1986043582190873,148.1524658203125,1
283,2.198604215324796,128.67330932617188,1
284,2.1986043194513223,177.7864227294922,1
285,2.1986043194513223,201.96275329589844,1
286,2.1986044903309425,385.34381103515625,1
287,2.198604307119126,580.6126708984375,1
288,2.2474623132740237,287.0882263183594,1
289,2.2474623132740237,601.1962890625,1
290,2.2474623356651158,361.74774169921875,1
291,2.296320130974789,432.0463562011719,1
292,2.2963201830370727,290.49700927734375,1
293,2.247462204446432,55.68520736694336,1
294,2.2474623180380116,80.39955139160156,1
295,2.3940359380623693,68.283447265625,1
296,2.442893717688263,181.81919860839844,1
297,2.491751707580574,116.35399627685547,1
298,2.4917515628259315,142.7194061279297,1
299,2.491751652994284,175.1912384033203,1
300,2.54060965414537,163.50869750976562,1
301,2.540609580622109,191.85743713378906,1
302,2.5894672307936677,162.02076721191406,1
303,2.5894672304376507,174.1290283203125,1
304,2.6383252003419306,125.96186828613281,1
305,2.638325204475304,87.70767974853516,1
306,2.687183112470978,159.7143096923828,1
307,2.7360411866683525,59.92972946166992,1
308,2.736040979880055,117.48494720458984,1
309,2.6871831221157967,239.51255798339844,1
310,2.7360410642229165,449.0414733886719,1
311,2.784898871128503,94.18399810791016,1
312,2.8337567102730308,353.6141052246094,1
313,2.8826145439899147,385.4190368652344,1
314,2.8826145439899147,212.09317016601562,1
315,2.931472633210511,176.21412658691406,1
316,2.9803304359256377,184.8482208251953,1
317,2.980330466927395,219.2381591796875,1
318,3.02918807424383,157.05313110351562,1
319,3.0780459713800683,130.98593139648438,1
320,3.175761923813903,122.40753173828125,1
321,3.1269041420912114,92.98529815673828,1
322,3.1757620007227727,179.08302307128906,1
323,3.2246199835381453,185.05372619628906,1
324,3.2246199797576214,125.30972290039062,1
325,3.2246199797576214,105.11348724365234,1
326,3.27347769924847,83.09845733642578,1
327,3.273477564362031,232.19081115722656,1
328,3.3711933174827484,60.339752197265625,1
329,3.3223354542593446,48.33103942871094,1
330,3.3223354542593446,97.88101196289062,1
331,3.3223354542593446,49.580284118652344,1
332,3.517766991660746,29.968326568603516,1
333,3.371193344156658,46.480743408203125,1
334,3.468908888131627,35.959896087646484,1
335,3.5177668045907406,35.01152038574219,1
336,3.517766909960313,39.44968795776367,1
337,3.468908888131627,45.93571090698242,1
338,3.5666247744950215,42.856117248535156,1
339,3.6154827443993054,61.71282196044922,1
340,3.517766909960313,55.14353561401367,1
341,3.517766909960313,42.19294357299805,1
342,3.5177668045907406,46.988037109375,1
343,3.6154827735051787,85.45572662353516,1
344,3.566624835304691,142.20693969726562,1
345,3.566624835304691,161.6335906982422,1
346,3.5177670366191767,108.6859130859375,1
347,3.5666249165605532,79.5143814086914,1
348,3.566624835111623,67.67341613769531,1
349,3.5177670554857294,75.14461517333984,1
350,3.468909065593418,124.21589660644531,1
351,3.4200513526918224,57.34895706176758,1
352,3.4689091073078226,56.97608947753906,1
353,3.4689091073078226,77.94221496582031,1
354,3.3711933522700805,42.901248931884766,1
355,3.322335572644187,22.117338180541992,1
356,3.3711933701414543,59.15135955810547,1
357,3.371193318969276,53.33658981323242,1
358,3.3223355575454945,59.54610061645508,1
359,3.3223355575454945,70.96683502197266,1
360,3.3711933919289923,78.87872314453125,1
361,3.2734775741853936,205.9926300048828,1
362,3.2734775741853936,88.89431762695312,1
363,3.224619780225638,93.10149383544922,1
364,3.224619780225638,108.63924407958984,1
365,3.1757618126789775,35.4286994934082,1
366,3.2734775609044675,79.98432922363281,1
367,3.3223355822479346,178.43051147460938,1
368,3.175762045434098,230.51174926757812,1
369,3.1757618920969986,213.20465087890625,1
370,3.1757618920969986,159.2542266845703,1
371,3.126903846600607,137.09642028808594,1
372,3.126903846600607,104.71237182617188,1
373,3.17576177181013,157.71253967285156,1
374,3.0780460966520593,147.00613403320312,1
375,3.0780460966520593,201.14306640625,1
376,3.078046101879974,334.6759338378906,1
377,3.078046101879974,237.2609100341797,1
378,3.0780459497528945,53.52534103393555,1
379,3.0780459497528945,150.1132049560547,1
380,3.078046050588113,240.0720977783203,1
381,3.078046050588113,161.26913452148438,1
382,3.322335456175778,89.31595611572266,1
383,3.3223353973096237,131.7067413330078,1
384,3.224619722151553,71.94284057617188,1
385,3.224619818285241,106.87555694580078,1
386,3.371193284369511,43.94002151489258,1
387,3.2734775607390567,78.35575866699219,1
388,3.4200513518633233,36.998565673828125,1
389,3.468909038331547,47.718780517578125,1
390,3.371193249937155,77.38632202148438,1
391,3.468909038331547,66.2835464477539,1
392,3.5177667882507864,142.06126403808594,1
393,3.468909119061771,250.52444458007812,1
394,3.566624853498792,81.6213150024414,1
395,3.61548270067224,145.71742248535156,1
396,3.61548270067224,99.49055480957031,1
397,3.7131983795923182,132.69837951660156,1
398,3.762056226765766,112.58723449707031,1
399,3.8109143042338767,130.8041534423828,1
400,3.8109143042338767,101.25970458984375,1
401,3.9086297434357666,100.43900299072266,1
402,3.957487814900586,86.5523910522461,1
403,3.908629737432475,170.4520263671875,1
404,3.957487814900586,91.24304962158203,1
405,3.957487814900586,108.72173309326172,1
406,4.055203278952819,162.47760009765625,1
407,4.055203278952819,174.4222412109375,1
408,4.104061453218622,144.74876403808594,1
409,4.152918970947497,127.62928009033203,1
410,4.201777430972633,277.1622009277344,1
411,4.2994929172763126,115.09796905517578,1
412,4.348350912920718,182.1924591064453,1
413,4.397208430649592,68.06809997558594,1
414,4.3972085753354495,99.06340789794922,1
415,4.3483509871447925,72.95198822021484,1
416,4.3972085753354495,70.68135070800781,1
417,4.49492423101992,80.70543670654297,1
418,4.49492423101992,121.13939666748047,1
419,4.543782286885442,64.82797241210938,1
420,4.543782286885442,69.55850219726562,1
421,4.49492461712102,54.12742614746094,1
422,4.5926405275131925,42.93162155151367,1
423,4.641498007386413,45.7443962097168,1
424,4.641498007386413,58.87321090698242,1
425,4.543782204314896,23.579402923583984,1
426,4.543782204314896,34.928035736083984,1
427,4.543782204314896,36.75361633300781,1
428,4.690356581862743,21.672359466552734,1
429,4.690356581862743,26.626554489135742,1
430,4.543782116858299,38.324981689453125,1
431,4.543782116858299,56.580806732177734,1
432,4.543782116858299,24.877744674682617,1
433,4.983503221454715,27.544937133789062,1
434,4.983503221454715,27.733915328979492,1
435,4.592640261547544,18.185543060302734,1
436,4.543782389122692,35.8699951171875,1
437,4.543782389122692,42.29167175292969,1
438,4.592640261547544,32.35777282714844,1
439,4.592640466167857,27.91387939453125,1
440,4.641497860553023,36.59403610229492,1
441,4.690356581862743,31.221250534057617,1
442,4.690356581862743,58.705108642578125,1
443,4.690355967437163,52.359764099121094,1
444,4.690355967437163,49.03422927856445,1
445,5.0323611590682455,28.157190322875977,1
446,4.641498007386413,23.137418746948242,1
447,4.54378209699424,28.056739807128906,1
448,4.690355967437163,54.07931900024414,1
449,4.6903560100637245,100.43246459960938,1
450,4.6903560100637245,111.3797836303711,1
451,4.739213854570898,67.70614624023438,1
452,4.739213854570898,128.22506713867188,1
453,4.739213854570898,163.78097534179688,1
454,4.739213854570898,54.36505126953125,1
455,4.788071385436592,140.21548461914062,1
456,4.788071897600354,82.16656494140625,1
457,4.788071385436592,104.05823516845703,1
458,4.788071897600354,25.1419620513916,1
459,4.836930082012736,41.52191162109375,1
460,4.836930082012736,119.25951385498047,1
461,4.836930082012736,95.34773254394531,1
462,4.836929728250812,76.29806518554688,1
463,4.836929728250812,28.34139633178711,1
464,4.836929728250812,33.55549621582031,1
465,5.130076776240053,48.79248809814453,1
466,4.739214154536913,38.041961669921875,1
467,4.836929760911399,25.701568603515625,1
468,4.788071463457936,25.271162033081055,1
469,5.0323612681127035,17.68951988220215,1
470,4.934645264390291,50.87120056152344,1
471,4.934645264390291,47.9022102355957,1
472,5.0323612681127035,30.593162536621094,1
473,4.983503266251497,51.672950744628906,1
474,4.983503266251497,64.22703552246094,1
475,4.983503266251497,109.83200073242188,1
476,4.983503266251497,50.79230880737305,1
477,4.983503266251497,49.2266845703125,1
478,4.983503415161148,42.26545715332031,1
479,4.983503266251497,57.15449905395508,1
480,5.374366380844233,24.755130767822266,1
481,5.374366380844233,22.95231056213379,1
482,5.081219269973911,34.16703414916992,1
483,5.081219269973911,18.1519832611084,1
484,5.081219269973911,30.195281982421875,1
485,5.081219269973911,25.45167350769043,1
486,5.081219269973911,25.298538208007812,1
487,5.081219269973911,18.664669036865234,1
488,5.081219269973911,23.748815536499023,1
489,5.0323612681127035,17.258529663085938,1
490,5.0323612681127035,19.21510124206543,1
491,5.081219269973911,24.685659408569336,1
492,5.081219269973911,36.741546630859375,1
493,5.081219269973911,47.205787658691406,1
494,4.934645312879104,47.186988830566406,1
495,5.08121939494577,36.23870849609375,1
496,5.0323612681127035,24.09941291809082,1
497,5.032360872130889,50.61714553833008,1
498,5.032360872130889,31.393831253051758,1
499,4.934645312879104,38.714073181152344,1
500,4.934645191556092,77.45569610595703,1
501,4.983503415161148,56.56165313720703,1
502,4.934645191556092,43.19449234008789,1
503,4.934645191556092,104.57630920410156,1
504,4.934645191556092,86.041259765625,1
505,4.934645191556092,64.50241088867188,1
506,4.934645039421312,43.79935836791992,1
507,4.983503305988568,67.62889862060547,1
508,4.983503305988568,108.45578002929688,1
509,4.98350319950896,76.67042541503906,1
510,4.98350319950896,59.060062408447266,1
511,4.98350319950896,68.2400131225586,1
512,5.032360993682206,63.40400314331055,1
513,5.13007668476877,48.39175796508789,1
514,5.03236088036733,56.89631271362305,1
515,4.739214035480697,114.9334945678711,2
516,4.739214016295622,135.353759765625,2
517,4.739214016295622,79.68311309814453,2
518,4.690356128593223,105.88334655761719,2
519,4.690356128593223,104.93194580078125,2
520,4.690356128593223,51.73488998413086,2
521,4.6903563723454065,61.70338821411133,2
522,4.6903563723454065,138.01512145996094,2
523,4.690356199636163,109.25572967529297,2
524,4.739214029706105,79.44706726074219,2
525,4.6414983607865175,83.7159194946289,2
526,4.739214029706105,79.61183166503906,2
527,4.6414983607865175,92.56282043457031,2
528,4.592640488185762,108.15766906738281,2
529,4.592640488185762,136.88668823242188,2
530,4.592640488185762,127.79878234863281,2
531,4.592640372622813,255.76193237304688,2
532,4.592640372622813,89.773193359375,2
533,4.7392135982543815,39.53739547729492,2
534,4.592640354379254,44.13426971435547,2
535,4.543782286885442,44.5578727722168,2
536,4.592640354379254,160.9326629638672,2
537,4.7392140721817135,46.306034088134766,2
538,4.5926405275131925,150.88006591796875,2
539,4.5926406479293345,120.83676147460938,2
540,4.7392140817099415,77.60697937011719,2
541,4.983503208726822,25.412891387939453,2
542,4.7392138710254414,94.37501525878906,2
543,4.592640466167857,115.33421325683594,2
544,4.592640466167857,72.11505889892578,2
545,4.592640466167857,49.90742874145508,2
546,4.690356478315133,31.49976921081543,2
547,4.543782389122692,171.6924591064453,2
548,4.7392140817099415,45.812164306640625,2
549,4.641497860553023,62.52536392211914,2
550,4.788071554720717,40.82275390625,2
551,4.641497860553023,102.93671417236328,2
552,4.788071554720717,46.784061431884766,2
553,4.641497860553023,40.060386657714844,2
554,4.788071554720717,78.87619018554688,2
555,4.7392140721817135,99.87337493896484,2
556,4.788071397651805,54.42005157470703,2
557,4.641498138248305,72.52529907226562,2
558,4.641498138248305,119.43558502197266,2
559,4.739213917778585,54.85736083984375,2
560,4.5926405275131925,151.41822814941406,2
561,4.5926405275131925,95.55357360839844,2
562,4.5926405275131925,105.59822082519531,2
563,4.5926405275131925,98.88555908203125,2
564,4.5926405275131925,71.25079345703125,2
565,4.49492423101992,46.23067855834961,2
566,4.49492461712102,63.555824279785156,2
567,4.49492423101992,44.498538970947266,2
568,4.446066642829262,42.79536056518555,2
569,4.4460666764889245,65.89659881591797,2
570,4.397208430649592,95.5485610961914,2
571,4.348350912920718,61.73822784423828,2
572,4.29949294455575,60.22824478149414,2
573,4.2994929172763126,42.37834930419922,2
574,4.201777281062488,130.22691345214844,2
575,4.15291943388904,217.4984588623047,2
576,4.104061586715592,109.04936218261719,2
577,4.104061586715592,154.7373809814453,2
578,4.055203278952819,83.92056274414062,2
579,4.104061453218622,57.74562454223633,2
580,4.10406161991033,66.09830474853516,2
581,3.957487814900586,62.152687072753906,2
582,3.957487879311035,81.77305603027344,2
583,3.9086299576556374,141.36732482910156,2
584,3.8597722987572243,64.21417999267578,2
585,3.8597722987572243,165.7176513671875,2
586,3.8109143424971985,180.04603576660156,2
587,3.762056420841801,83.87755584716797,2
588,3.5666249623725665,45.16352844238281,2
589,3.713198499186403,54.41859817504883,2
590,3.6643408056833624,190.51991271972656,2
591,3.66434066876213,127.11244201660156,2
592,3.615482875135673,263.5393371582031,2
593,3.5666249623725665,134.3715057373047,2
594,3.5666248278153287,198.89012145996094,2
595,3.5666249205366403,177.4427490234375,2
596,3.5177670456238235,121.7086410522461,2
597,3.420051327405266,83.38285064697266,2
598,3.371193249937155,95.83623504638672,2
599,3.713198307288443,79.72257232666016,2
600,3.3711935039033323,130.12413024902344,2
601,3.322335402763707,216.96505737304688,2
602,3.2734773948476086,173.39895629882812,2
603,3.2734775607390567,267.7408752441406,2
604,3.2734775607390567,169.23724365234375,2
605,3.224619818285241,134.322509765625,2
606,3.224619722151553,136.17303466796875,2
607,3.1757620358133827,90.87076568603516,2
608,3.1757620358133827,239.02667236328125,2
609,3.1757620358133827,241.59715270996094,2
610,3.1269040688466783,281.6126403808594,2
611,3.224619998890103,71.28082275390625,2
612,3.126904058870785,96.88127136230469,2
613,3.175761933639285,56.17755126953125,2
614,3.0780459497528945,117.95882415771484,2
615,3.175762029447595,148.5518798828125,2
616,3.175762029447595,369.261962890625,2
617,3.175761933639285,115.34184265136719,2
618,3.175761933639285,124.74786376953125,2
619,3.126904058870785,87.7353744506836,2
620,3.0780459497528945,222.28004455566406,2
621,3.1269040688466783,71.99203491210938,2
622,3.1269040688466783,129.2760009765625,2
623,3.17576177181013,142.83120727539062,2
624,3.126904056702809,74.1935806274414,2
625,3.1269039287633387,35.63962936401367,2
626,3.126903846600607,117.76172637939453,2
627,3.1757618287102116,77.77517700195312,2
628,3.1757618920969986,122.04203033447266,2
629,3.175762045434098,113.32528686523438,2
630,3.175762045434098,158.30459594726562,2
631,3.2246199670894957,169.98243713378906,2
632,3.273477643290223,179.50123596191406,2
633,3.1269040322898176,97.75584411621094,2
634,3.1757619560426558,108.015380859375,2
635,3.1757619560426558,57.21794891357422,2
636,3.224619780225638,81.7532730102539,2
637,3.3711934408290385,105.79349517822266,2
638,3.2246199067530372,150.52537536621094,2
639,3.2734775741853936,304.6617736816406,2
640,3.4200512975599167,197.39190673828125,2
641,3.2734775789548536,190.25247192382812,2
642,3.3223355575454945,100.63774871826172,2
643,3.322335582111373,72.76089477539062,2
644,3.322335582111373,84.15568542480469,2
645,3.468909065593418,39.978084564208984,2
646,3.3711933522700805,75.47930145263672,2
647,3.3711933522700805,89.10147857666016,2
648,3.371193271724152,103.464599609375,2
649,3.371193271724152,157.89837646484375,2
650,3.4200513526918224,99.08547973632812,2
651,3.4689090354680903,64.36817169189453,2
652,3.420051362683771,73.29954528808594,2
653,3.420051317842541,40.040061950683594,2
654,3.420051317842541,63.4004020690918,2
655,3.4689089680140994,36.676666259765625,2
656,3.46890902848421,43.23979949951172,2
657,3.420051317842541,52.968441009521484,2
658,3.42005125237768,64.83805084228516,2
659,3.42005125237768,100.10050964355469,2
660,3.5666247866489593,46.678375244140625,2
661,3.5666247866489593,29.4182186126709,2
662,3.4689091239512853,65.22400665283203,2
663,3.5666249037459132,56.562828063964844,2
664,3.4689091239512853,95.02082061767578,2
665,3.517766991660746,59.50758743286133,2
666,3.4200512005931536,133.6905517578125,2
667,3.4200514183540327,101.73401641845703,2
668,3.4200514183540327,111.80362701416016,2
669,3.4200514183540327,160.71385192871094,2
670,3.371193344156658,107.20140838623047,2
671,3.371193344156658,80.38919067382812,2
672,3.371193344156658,53.483482360839844,2
673,3.3711933174827484,127.50306701660156,2
674,3.27347769924847,112.85652923583984,2
675,3.27347769924847,76.65139770507812,2
676,3.27347769924847,86.17179107666016,2
677,3.2246199797576214,299.27984619140625,2
678,3.2246199797576214,161.39993286132812,2
679,3.2246199797576214,152.26220703125,2
680,3.175761923813903,150.07138061523438,2
681,3.1269041420912114,211.54421997070312,2
682,3.1269040250704725,269.6680908203125,2
683,3.0780459713800683,138.0232696533203,2
684,3.0291881376631853,587.2295532226562,2
685,2.980330466927395,201.48434448242188,2
686,2.931472633210511,153.8383026123047,2
687,2.931472633210511,157.14071655273438,2
688,2.8826145439899147,61.82965850830078,2
689,2.8337567102730308,77.94012451171875,2
690,2.7848989580466945,70.63623809814453,2
691,2.6383252830456314,141.99102783203125,2
692,2.73604112432981,85.82312774658203,2
693,2.63832520139233,79.26698303222656,2
694,2.63832520139233,172.82666015625,2
695,2.5894673057020574,103.84761047363281,2
696,2.5894673057020574,107.28543853759766,2
697,2.540609640248182,155.6862335205078,2
698,2.540609640248182,164.45535278320312,2
699,2.4917516782245897,246.19558715820312,2
700,2.4428936851159855,261.07806396484375,2
701,2.442893714793797,354.5783996582031,2
702,2.442893714793797,192.63833618164062,2
703,2.3940357136427104,386.87481689453125,2
704,2.442893688334806,145.85574340820312,2
705,2.3451782146313427,133.61532592773438,2
706,2.345178107929299,202.90228271484375,2
707,2.2963202247390315,189.0291748046875,2
708,2.2963201830370727,464.4599304199219,2
709,2.247462204446432,275.80413818359375,2
710,2.247462204446432,279.7995910644531,2
711,2.1986042871408555,165.66122436523438,2
712,2.1986043093405097,209.4884490966797,2
713,2.1497463009642286,411.02545166015625,2
714,2.1497463009642286,489.12750244140625,2
715,2.1008886470201475,486.5735778808594,2
716,2.100888640531244,718.63720703125,2
717,2.100888640531244,342.9479675292969,2
718,2.052030793357796,665.0440673828125,2
719,2.052030726609311,838.7717895507812,2
720,2.052030809955165,522.6275634765625,2
721,2.1008887041466764,419.6874694824219,2
722,2.0520307327195937,318.94024658203125,2
723,2.1497463773501764,438.9425964355469,2
724,2.149746519346709,431.8835754394531,2
725,2.149746519346709,386.33612060546875,2
726,2.1986043939212423,96.4908218383789,2
727,2.1986043939212423,322.7832336425781,2
728,2.100888744233912,108.9448013305664,2
729,2.24746230856051,200.9463653564453,2
730,2.24746211550996,93.66305541992188,2
731,2.14974645982549,250.3424072265625,2
732,2.24746216662477,223.06187438964844,2
733,2.1497464586381563,175.6439971923828,2
734,2.149746472277875,219.88833618164062,2
735,2.149746472277875,187.0825958251953,2
736,2.1986044903309425,115.7156753540039,2
737,2.296320159848098,91.61717224121094,2
738,2.296320159848098,121.25639343261719,2
739,2.296320159848098,129.04673767089844,2
740,2.296320130974789,89.41268157958984,2
741,2.296320130974789,97.68976593017578,2
742,2.2474623356651158,125.52732849121094,2
743,2.2474622204626784,134.6017608642578,2
744,2.3451782146313427,94.18033599853516,2
745,2.2963201830370727,142.31497192382812,2
746,2.345177998957201,102.73235321044922,2
747,2.3451780791405787,168.83380126953125,2
748,2.2963203198992184,72.69957733154297,2
749,2.296320124466075,106.80138397216797,2
750,2.296320238557204,56.90837097167969,2
751,2.296320238557204,144.5079803466797,2
752,2.247462257689575,85.6822738647461,2
753,2.247462257689575,65.30850982666016,2
754,2.247462257689575,51.64368438720703,2
755,2.1986043013186505,53.30567169189453,2
756,2.149746380469063,62.50071334838867,2
757,2.149746380469063,58.46087646484375,2
758,2.100888752729954,34.55141830444336,2
759,2.1986043013186505,40.080684661865234,2
760,2.1008886522067147,69.21532440185547,2
761,2.1497464283132453,134.0386505126953,2
762,2.0520307792013095,38.11518096923828,2
763,1.9543148894992188,44.599857330322266,2
764,1.9054571680835413,47.47782516479492,2
765,1.9054571680835413,32.96828842163086,2
766,1.856599191223204,30.38479232788086,2
767,1.856599191223204,40.57463836669922,2
768,1.8077413843176173,30.929630279541016,2
769,1.8077414081271677,62.743499755859375,2
770,1.9054571667161846,138.2135009765625,2
771,1.9054571700083704,66.78736114501953,2
772,1.9054571700083704,81.86897277832031,2
773,1.9543148894992188,72.65890502929688,2
774,1.9543149908879838,140.5428466796875,2
775,2.0031728807852978,327.4289245605469,2
776,2.0031728669832756,123.62017059326172,2
777,2.0031728165057694,36.91974639892578,2
778,2.100888765500608,160.15293884277344,2
779,2.1008886522067147,594.9366455078125,2
780,2.100888712011893,535.8685302734375,2
781,2.1497463621834516,1277.93115234375,2
782,2.149746402903001,158.5132598876953,2
783,2.198604341103491,517.5764770507812,2
784,2.2474622410217897,296.82489013671875,2
785,2.2474622499749497,140.1710662841797,2
786,2.296320124466075,130.51226806640625,2
787,2.345177998957201,74.08381652832031,2
788,2.2474622499749497,132.61941528320312,2
789,2.2474622499749497,67.75040435791016,2
790,2.3451782146313427,114.84007263183594,2
791,2.3940359380623693,96.69450378417969,2
792,2.39403581384368,62.72832489013672,2
793,2.3940358432344606,67.46465301513672,2
794,2.3940358432344606,264.8661804199219,2
795,2.3940358432344606,153.042236328125,2
796,2.3451781616277136,66.9425048828125,2
797,2.345178107929299,115.8906021118164,2
798,2.3451781616277136,100.53986358642578,2
799,2.2963201830370727,102.8025894165039,2
800,2.2963201830370727,96.43236541748047,2
801,2.2963201830370727,65.31089782714844,2
802,2.2474622204626784,40.6865348815918,2
803,2.2474623356651158,113.81468963623047,2
804,2.2474623356651158,159.5567169189453,2
805,2.1986043093405097,193.31797790527344,2
806,2.198604307119126,253.72056579589844,2
807,2.1986044903309425,285.6056213378906,2
808,2.1986044903309425,198.80294799804688,2
809,2.149746472277875,216.9631805419922,2
810,2.149746472277875,659.7828369140625,2
811,2.149746472277875,630.4175415039062,2
812,2.14974645982549,643.7433471679688,2
813,2.14974645982549,830.88427734375,2
814,2.14974645982549,315.1219482421875,2
815,2.1008887041466764,406.45086669921875,2
816,2.100888744233912,422.73846435546875,2
817,2.100888744233912,576.4185791015625,2
818,2.100888744233912,466.9156494140625,2
819,2.0520307803444995,84.89737701416016,2
820,2.1497463773501764,140.71124267578125,2
821,2.0520308709259814,61.55729675292969,2
822,2.0520308709259814,193.075927734375,2
823,2.1008886377974,566.2318725585938,2
824,2.1008887154863163,454.54913330078125,2
825,2.1008887154863163,451.9513244628906,2
826,2.100888640531244,287.04388427734375,2
827,2.1497465513732315,775.3505859375,2
828,2.1497465513732315,661.096435546875,2
829,2.1497463009642286,250.36734008789062,2
830,2.198604307119126,140.4716033935547,2
831,2.1986043093405097,414.1723937988281,2
832,2.2474622204626784,864.4110107421875,2
833,2.247462204446432,526.8230590820312,2
834,2.247462204446432,652.7850341796875,2
835,2.2963201830370727,1006.7044677734375,2
836,2.2963203198992184,384.4306945800781,2
837,2.345178107929299,320.2738342285156,2
838,2.345178107929299,175.55838012695312,2
839,2.2474623180380116,244.50450134277344,2
840,2.247462339979929,162.57644653320312,2
841,2.247462339979929,156.7373046875,2
842,2.39403581384368,162.5512237548828,2
843,2.296320124466075,180.97085571289062,2
844,2.442893714793797,98.97457885742188,2
845,2.4428936851159855,209.27371215820312,2
846,2.4428936388835556,215.91665649414062,2
847,2.4917516782245897,254.6781463623047,2
848,2.491751596414428,241.90870666503906,2
849,2.491751720657323,242.6500701904297,2
850,2.540609610554636,240.8516845703125,2
851,2.540609610554636,178.81976318359375,2
852,2.5894673326763504,154.23257446289062,2
853,2.5894673057020574,183.19503784179688,2
854,2.6383252830456314,104.84053802490234,2
855,2.63832520139233,237.00057983398438,2
856,2.687183181789063,123.04167938232422,2
857,2.5894673063313682,59.71897506713867,2
858,2.7360411866683525,66.6519775390625,2
859,2.63832520139233,67.64905548095703,2
860,2.6871830887299355,124.62409973144531,2
861,2.8337567102730308,82.46255493164062,2
862,2.8337567102730308,112.2764663696289,2
863,2.931472633210511,58.70952224731445,2
864,2.8337565094466957,77.9142074584961,2
865,2.882614484939676,180.87991333007812,2
866,2.931472633210511,170.83599853515625,2
867,2.9803304359256377,83.02218627929688,2
868,2.9803304359256377,80.79998779296875,2
869,3.0291881376631853,67.34225463867188,2
870,3.1757620007227727,83.30184936523438,2
871,3.0780459713800683,40.51274108886719,2
872,3.1757619758080957,60.07764434814453,2
873,3.1269040252297917,74.19189453125,2
874,3.1757619758080957,146.4226837158203,2
875,3.2246199835381453,76.98126983642578,2
876,3.3711934846887965,75.8985824584961,2
877,3.371193228345119,100.16979217529297,2
878,3.4200512038380997,135.96676635742188,2
879,3.4689089891414695,67.79071044921875,2
880,3.322335418739319,101.78868865966797,2
881,3.322335418739319,102.58967590332031,2
882,3.322335418739319,77.86261749267578,2
883,3.3711933174827484,97.23603820800781,2
884,3.517766991660746,53.21854782104492,2
885,3.4200514183540327,43.75812530517578,2
886,3.4200514183540327,35.30662155151367,2
887,3.4200514183540327,68.274169921875,2
888,3.4200514183540327,206.677490234375,2
889,3.4200514183540327,245.2665557861328,2
890,3.4200512005931536,192.90170288085938,2
891,3.4200512005931536,190.66738891601562,2
892,3.5177669488817287,40.224365234375,2
893,3.5177669488817287,60.98165512084961,2
894,3.5177669488817287,34.109031677246094,2
895,3.5177670366191767,61.8963508605957,2
896,3.5177670366191767,89.13449096679688,2
897,3.4689090354680903,58.461368560791016,2
898,3.42005125237768,98.15790557861328,2
899,3.420051317842541,57.13811492919922,2
900,3.5177668355928824,46.1865234375,2
901,3.5177668355928824,76.52772521972656,2
902,3.4689089611017567,55.2397575378418,2
903,3.371193271724152,66.86139678955078,2
904,3.371193271724152,28.498462677001953,2
905,3.4689091073078226,53.43617248535156,2
906,3.4689091073078226,66.9632339477539,2
907,3.420051372002661,60.290122985839844,2
908,3.3711933701414543,132.33668518066406,2
909,3.371193318969276,169.1223602294922,2
910,3.371193318969276,151.0572509765625,2
911,3.3223355575454945,185.49951171875,2
912,3.322335609737487,198.926025390625,2
913,3.2734775741853936,78.3712158203125,2
914,3.2246199067530372,45.23520278930664,2
915,3.224619818833875,144.25157165527344,2
916,3.2246199670894957,182.1902313232422,2
917,3.1757618126789775,239.2340545654297,2
918,3.175762045434098,273.2630920410156,2
919,3.1757618920969986,154.76751708984375,2
920,3.1269040322898176,189.68511962890625,2
921,3.1269041064763865,103.56591033935547,2
922,3.1757618287102116,111.4189224243164,2
923,3.2246197392704468,90.65530395507812,2
924,3.07804596745544,152.53627014160156,2
925,3.1757617507914286,62.81517028808594,2
926,3.1757617507914286,125.20394897460938,2
927,3.224619818285241,105.13045501708984,2
928,3.17576177181013,118.55810546875,2
929,3.126904056702809,47.091651916503906,2
930,3.0780460966520593,204.50149536132812,2
931,3.0780460966520593,145.93435668945312,2
932,3.175761933639285,74.15387725830078,2
933,3.175762029447595,102.7010269165039,2
934,3.175762029447595,117.90791320800781,2
935,3.175762029447595,90.78618621826172,2
936,3.175762029447595,182.39308166503906,2
937,3.175762029447595,86.14111328125,2
938,3.126904058870785,177.37660217285156,2
939,3.175761933639285,192.13665771484375,2
940,3.029188077905533,120.60875701904297,2
941,3.1757620358133827,188.8114013671875,2
942,3.078046101879974,218.17982482910156,2
943,3.224619998890103,248.8745880126953,2
944,3.273477437258874,83.88996887207031,2
945,3.2734777255879486,115.08650970458984,2
946,3.3223353973096237,167.00897216796875,2
947,3.322335462341421,87.93680572509766,2
948,3.371193284369511,92.7408447265625,2
949,3.371193284369511,74.95149993896484,2
950,3.224619810819817,70.66160583496094,2
951,3.2734775607390567,112.51451110839844,2
952,3.420051288412307,71.60031127929688,2
953,3.468909038331547,171.6645050048828,2
954,3.371193249937155,59.949275970458984,2
955,3.5177667882507864,36.762847900390625,2
956,3.42005142555873,75.13277435302734,2
957,3.468909119061771,72.68901062011719,2
958,3.517767040717169,99.20916748046875,2
959,3.61548270067224,161.85923767089844,2
960,3.61548270067224,134.95550537109375,2
961,3.6643408056833624,105.33350372314453,2
962,3.762056420841801,127.88233184814453,2
963,3.713198499186403,116.54112243652344,2
964,3.8109143042338767,147.31671142578125,2
965,3.762056420841801,94.00184631347656,2
966,3.8109143424971985,192.22964477539062,2
967,3.9086299576556374,79.12628173828125,2
968,3.957487879311035,78.87841796875,2
969,3.908629737432475,101.72025299072266,2
970,3.957487814900586,234.6245574951172,2
971,4.104061586715592,81.20986938476562,2
972,4.104061586715592,61.84112548828125,2
973,4.152919337780269,72.25743865966797,2
974,4.201777281062488,37.3536262512207,2
975,4.152918970947497,66.08818054199219,2
976,4.201777281062488,56.740814208984375,2
977,4.201777430972633,69.51685333251953,2
978,4.201777430972633,66.93360900878906,2
979,4.250634948701507,64.6004409790039,2
980,4.2994929172763126,37.5162467956543,2
981,4.397208430649592,90.52984619140625,2
982,4.494924408403603,148.2884979248047,2
983,4.494924408403603,52.10867691040039,2
984,4.494924408403603,63.36500930786133,2
985,4.592640372622813,58.39397048950195,2
986,4.446066642829262,50.13542556762695,2
987,4.49492423101992,50.179935455322266,2
988,4.592640354379254,45.1995735168457,2
989,4.592640372622813,51.30519485473633,2
990,4.543782286885442,71.27577209472656,2
991,4.543782286885442,49.73386764526367,2
992,4.543782286885442,40.613975524902344,2
993,4.543782286885442,106.24681854248047,2
994,4.54378209699424,177.13784790039062,2
995,4.5926405275131925,89.2098617553711,2
996,4.5926405275131925,47.71249008178711,2
997,4.5926405275131925,57.75122833251953,2
998,4.5926406479293345,59.86616897583008,2
999,5.081219348740975,38.859989166259766,2
1000,4.5926406479293345,95.71807861328125,2
1001,4.5926406479293345,105.76921844482422,2
1002,4.5926406479293345,104.971923828125,2
1003,4.592640466167857,147.75189208984375,2
1004,4.592640466167857,61.069583892822266,2
1005,4.592640466167857,122.88512420654297,2
1006,4.592640466167857,213.60765075683594,2
1007,4.6414981300740665,112.20244598388672,2
1008,4.592640261547544,105.4682388305664,2
1009,4.592640261547544,60.47074508666992,2
1010,4.543782389122692,132.90098571777344,2
1011,4.543782389122692,173.82571411132812,2
1012,4.494924719551995,191.93820190429688,2
1013,4.494924719551995,215.6630096435547,2
1014,4.494924719551995,122.59412384033203,2
1015,4.494924719551995,40.78912353515625,2
1016,4.5926406479293345,46.218902587890625,2
1017,4.5926406479293345,35.89070129394531,2
1018,4.5926405275131925,52.76865005493164,2
1019,4.5926405275131925,68.09275817871094,2
1020,4.49492461712102,64.99446868896484,2
1021,4.49492423101992,152.72723388671875,2
1022,4.543782286885442,320.80889892578125,2
1023,4.5437819261324774,337.7691650390625,2
1024,4.5437819261324774,156.70742797851562,2
1025,4.5437819261324774,50.12526321411133,2
1026,4.543782180422988,55.99319839477539,2
1027,4.592640488185762,55.110687255859375,2
1028,4.592640488185762,173.2552032470703,2
1029,4.592640488185762,196.16751098632812,2
1030,4.592640667283477,84.80287170410156,2
1031,4.6414983607865175,36.15522766113281,2
1032,4.6414983607865175,38.99066162109375,2
1033,4.641498155162697,68.50415802001953,2
1034,4.641498155162697,79.24703216552734,2
1035,4.690356199636163,204.816650390625,2
1036,4.6903563723454065,67.2598876953125,2
1037,4.6903563723454065,85.9162368774414,2
1038,4.836929760911399,68.86980438232422,2
1039,4.836929882939267,74.15210723876953,2
1040,4.836929882939267,59.538482666015625,2
1041,4.739214035480697,42.32406234741211,2
1042,4.788071796904479,36.75271987915039,2
1043,4.885787319752044,62.55002212524414,2
1044,4.9346449827788,75.01537322998047,2
1045,4.9346449827788,58.290016174316406,2
1046,4.8369297937799685,42.619300842285156,2
1047,4.983503266251497,76.46244049072266,2
1048,4.983503266251497,59.32634353637695,2
1049,5.0323612681127035,51.53242111206055,2
1050,4.934645312879104,65.29112243652344,2
1051,5.08121939494577,78.62064361572266,2
1052,5.130076689520593,42.755008697509766,2
1053,5.081219287587205,54.264583587646484,2
1054,5.130076689520593,88.16056823730469,2
1055,5.1789345044070725,32.107383728027344,2
1056,5.032360940538342,30.08782958984375,2
1057,5.032361041723484,60.623146057128906,2
1058,5.08121930829074,90.91889190673828,2
1059,5.081219161244218,110.9449462890625,2
1060,5.081219161244218,60.2470817565918,2
1061,5.081219161244218,41.60068893432617,2
1062,5.2277927069219,54.145565032958984,2
1063,5.227792624577332,45.341888427734375,2
1064,5.178934655573309,58.519073486328125,2
1065,5.178934665352701,55.19176483154297,2
1066,5.3255085759193275,33.01602554321289,2
1067,5.32550867059584,45.23692321777344,2
1068,5.32550867059584,36.308677673339844,2
1069,5.227792890801213,35.287322998046875,2
1070,5.178934611404115,42.657554626464844,2
1071,5.178934611404115,37.78172302246094,2
1072,5.227792846600415,37.54792022705078,2
1073,5.178934611404115,115.33174133300781,2
1074,5.178934611404115,132.95790100097656,2
1075,5.178934611404115,49.61492156982422,2
1076,5.178934611404115,72.70062255859375,2
1077,5.130076901634009,134.19302368164062,2
1078,5.227792906062036,60.52122497558594,2
1079,5.130076901634009,45.72351837158203,2
1080,5.130076637169756,74.72612762451172,2
1081,5.178934561337727,108.278076171875,2
1082,5.178934561337727,94.0055160522461,2
1083,5.1789346126627365,77.2650375366211,2
1084,5.1789346126627365,41.236541748046875,2
1085,5.227792588155717,78.8736343383789,2
1086,5.227792588155717,57.135292053222656,2
1087,5.27665022647391,34.723236083984375,2
1088,5.2766503917526,38.82981491088867,2
1089,5.227792846600415,75.09137725830078,2
1090,5.227792846600415,70.49742126464844,2
1091,5.227792846600415,69.07816314697266,2
1092,5.423223840281875,39.72446823120117,3
1093,5.423223840281875,63.53154373168945,3
1094,5.325508419776559,157.37551879882812,3
1095,5.227792509384387,116.3245849609375,3
1096,5.178934549333638,76.84395599365234,3
1097,5.130076677038836,88.34252166748047,3
1098,5.0812190888481785,70.51283264160156,3
1099,5.081218827646272,117.81163787841797,3
1100,5.081218827646272,110.37135314941406,3
1101,4.983503433163709,82.26747131347656,3
1102,4.934644886366741,76.98314666748047,3
1103,4.836929721613717,167.92628479003906,3
1104,4.788071654119904,147.2515869140625,3
1105,4.7392135982543815,217.5713348388672,3
1106,4.6903560100637245,359.81536865234375,3
1107,4.641497890351687,218.50930786132812,3
1108,4.592640372622813,265.5224609375,3
1109,4.5437819261324774,529.2293090820312,3
1110,4.494924408403603,259.1609802246094,3
1111,4.446066642829262,136.9779510498047,3
1112,4.348350912920718,271.3309020996094,3
1113,4.348350912920718,194.48580932617188,3
1114,4.299493102746463,212.4084014892578,3
1115,4.25063485570458,374.70513916015625,3
1116,4.104061453218622,741.6864624023438,3
1117,4.055203225383852,409.2891540527344,3
1118,4.006345707654977,350.844970703125,3
1119,3.9574877255453718,399.5980529785156,3
1120,4.006345662074033,279.7930603027344,3
1121,3.859771993516527,251.3357696533203,3
1122,3.8109143042338767,740.30419921875,3
1123,3.7131983795923182,259.32647705078125,3
1124,3.7131983795923182,795.0952758789062,3
1125,3.7131982658432765,735.3157348632812,3
1126,3.615482766004797,3059.0302734375,3
1127,3.5177670063253443,1097.973876953125,3
1128,3.4689089288572332,651.2041625976562,3
1129,3.420051327405266,803.9542236328125,3
1130,3.3711935039033323,517.7406005859375,3
1131,3.3223353106582962,443.8319091796875,3
1132,3.2734775555902598,1102.2291259765625,3
1133,3.2246197392704468,595.305908203125,3
1134,3.1757618920969986,470.1349792480469,3
1135,3.1757618126789775,411.38116455078125,3
1136,3.1269041064763865,458.6676940917969,3
1137,3.07804596745544,1151.7431640625,3
1138,3.0291881010369615,1003.0711669921875,3
1139,2.9314724413619135,552.4978637695312,3
1140,2.8826145941884658,756.120361328125,3
1141,2.882614520811143,584.655517578125,3
1142,2.7848989058444067,785.2169799804688,3
1143,2.7360410838163167,824.5247192382812,3
1144,2.6871831802043276,861.2509155273438,3
1145,2.638325225008242,685.4149780273438,3
1146,2.589467274666819,535.979248046875,3
1147,2.5406095595594973,1009.2242431640625,3
1148,2.491751604363411,772.42333984375,3
1149,2.491751711293767,228.5683135986328,3
1150,2.442893744327063,484.5228576660156,3
1151,2.394035738047554,559.6226806640625,3
1152,2.3451782909313716,969.71240234375,3
1153,2.34517810493129,396.1410217285156,3
1154,2.296320177189627,1897.08935546875,3
1155,2.24746230856051,1512.609130859375,3
1156,2.1986043939212423,3012.08837890625,3
1157,2.149746426954538,3627.081787109375,3
1158,2.100888744233912,601.0840454101562,3
1159,2.100888650820187,2528.9375,3
1161,2.0031728804433553,1067.5374755859375,3
1162,2.0031728804433553,1593.2545166015625,3
1163,1.9543150393931241,1906.2403564453125,3
1164,1.905457169892019,1815.3917236328125,3
1165,1.8565992999036227,1154.0709228515625,3
1166,1.7588835182854083,1126.0091552734375,3
1167,1.758883559439539,827.2424926757812,3
1168,1.7100256899384338,745.0366821289062,3
1169,1.5145940389527666,887.23486328125,3
1170,1.5145940694016267,367.9866027832031,3
1171,1.5145940731553182,1141.2105712890625,3
1172,1.5145940389527666,678.8480834960938,3
1173,1.5145940389527666,1072.259033203125,3
1174,1.465736342703781,765.1378173828125,3
1175,1.4657362380036143,1599.661376953125,3
1176,1.416878247017532,341.6099548339844,3
1177,1.4168783117222357,458.20831298828125,3
1178,1.416878373507509,878.6812744140625,3
1179,1.4657362393589846,1520.9993896484375,3
1180,1.4168783693517732,346.86865234375,3
1181,1.4657363034805517,1119.885986328125,3
1182,1.465736260256657,541.6607666015625,3
1183,1.4657362693693918,665.5111083984375,3
1184,1.4657362837417989,184.71749877929688,3
1185,1.465736188293457,446.962158203125,3
1186,1.5145940992613927,256.7603454589844,3
1187,1.4657362809787737,176.51019287109375,3
1188,1.5145940952505166,304.7005920410156,3
1189,1.5145940351916625,283.88836669921875,3
1190,1.5634520125352362,270.5357971191406,3
1191,1.5634520710456057,202.53012084960938,3
1192,1.6123099881078766,185.36854553222656,3
1193,1.5634519840390255,300.45758056640625,3
1194,1.6123099862530423,301.34613037109375,3
1195,1.6611677384793757,110.2586898803711,3
1196,1.807741383547657,158.47900390625,3
1197,3.0780459691267534,30.79437828063965,3
1198,3.322335418739319,19.0220890045166,3
1199,3.27347769924847,33.7229118347168,3
1200,3.4200513734264675,24.718250274658203,3
1201,3.4689090929173165,25.696847915649414,3
1202,3.468908978109411,38.331626892089844,3
1203,3.566624819556338,40.33333969116211,3
1204,3.615482767095314,28.347902297973633,3
1205,3.664340823984372,35.416229248046875,3
1206,3.7131983207069985,28.060535430908203,3
1207,3.7620563284370383,50.47654342651367,3
1208,3.810914325135035,69.41700744628906,3
1209,3.859772332865072,45.15007019042969,3
1210,3.9086298295876984,18.223093032836914,3
1211,3.9086297789984377,24.856687545776367,3
1212,3.957487837317739,26.615615844726562,3
1213,4.055203536547697,22.641401290893555,3
1214,4.104061675462659,33.74036407470703,3
1215,4.299492847349098,25.719144821166992,3
1216,4.348351052330793,26.575639724731445,3
1217,4.836929888300634,38.639060974121094,3
1218,4.885787385023258,26.336790084838867,3
1219,5.325508539141679,26.432523727416992,3
1220,5.423224083068973,24.74959945678711,3
1221,5.667513477804369,33.423255920410156,3
1222,5.667513130109036,30.018878936767578,3
1223,5.618655728175646,44.356956481933594,3
1224,5.569797807490907,87.20911407470703,3
1225,5.520939898288177,71.67709350585938,3
1226,5.520939898288177,64.38221740722656,3
1227,5.5209397588020295,34.04891586303711,3
1228,5.5209397588020295,30.803598403930664,3
1229,5.472081861326249,31.691747665405273,3
1230,5.472081861326249,23.4677734375,3
1231,5.667513609392714,111.13217163085938,3
1232,5.667513609392714,22.921663284301758,3
1233,5.130076839059946,72.71866607666016,4
1234,5.081219119118995,102.84833526611328,4
1235,5.0323611590682455,184.37164306640625,4
1236,4.983503422587534,229.130859375,4
1237,4.885787488654126,196.12892150878906,4
1238,4.836929998335155,93.80902862548828,4
1239,4.788071397651805,187.8299102783203,4
1240,4.690356581862743,110.7532958984375,4
1241,4.5926406479293345,152.58441162109375,4
1242,4.494924721775893,188.38832092285156,4
1243,4.446066758699173,287.5938415527344,4
1244,4.348351297523514,215.43907165527344,4
1245,4.348350766096752,185.19808959960938,4
1246,4.25063485570458,224.1547393798828,4
1247,4.152919415780611,291.5163879394531,4
1248,4.104061474359944,168.493896484375,4
1249,4.055203505388438,288.4364929199219,4
1250,4.006345564756343,470.5804748535156,4
1251,3.908630087030844,243.65907287597656,4
1252,3.908629840866525,367.8698425292969,4
1253,3.8109141968103453,494.8240966796875,4
1254,3.7620562479528816,358.90185546875,4
1255,3.615482651603973,173.66770935058594,4
1256,3.6643407781403505,422.7556457519531,4
1257,3.5177667620820707,803.4818115234375,4
1258,3.4689089400539808,368.92437744140625,4
1259,3.3711933063027018,742.9298706054688,4
1260,3.3223353106582962,1120.8607177734375,4
1261,3.2734773948476086,375.7591552734375,4
1262,3.1757618920969986,651.5260620117188,4
1263,3.07804596745544,595.3953247070312,4
1264,3.029188120281992,568.9464721679688,4
1265,3.126904056702809,561.3949584960938,4
1266,2.9314726480071522,315.2815246582031,4
1267,2.833756747015018,366.92340087890625,4
1268,2.784899111193316,385.1895446777344,4
1269,2.7360410680949396,358.06884765625,4
1270,2.638325145851981,348.86712646484375,4
1271,2.589467126800602,554.6842041015625,4
1272,2.491751711293767,1401.3123779296875,4
1273,2.442893654902187,1068.4854736328125,4
1274,2.394035827059952,785.710693359375,4
1275,2.3451782391575664,426.1117858886719,4
1276,2.2963203239646672,1052.0738525390625,4
1277,2.149746519346709,591.14306640625,4
1278,2.149746519346709,1248.9495849609375,4
1279,2.100888650820187,1174.5770263671875,4
1280,2.0031728804433553,617.9202270507812,4
1281,2.0031728804433553,1002.7442626953125,4
1282,1.954315043515422,472.5407409667969,4
1283,1.9543149204332626,604.7741088867188,4
1284,1.9543148687162375,368.2988586425781,4
1285,2.1497464586381563,120.27293395996094,4
1286,2.003172873454173,167.68740844726562,4
1287,2.0520307758745657,141.36642456054688,4
1288,2.296320159848098,191.12960815429688,4
1289,2.247462204446432,231.57809448242188,4
1290,2.442893659876022,172.36434936523438,4
1291,2.4917516384666625,188.41702270507812,4
1292,2.638325307873213,230.5994873046875,4
1293,2.687183212908325,256.61102294921875,4
1294,2.784899002799613,237.69212341308594,4
1295,2.833756565054518,231.63623046875,4
1296,2.9314725387387837,283.5179443359375,4
1297,3.0291880600241776,243.455078125,4
1298,3.0780459811526133,135.77703857421875,4
1299,3.224619690919305,100.30921173095703,4
1300,3.3711932824734,279.6703796386719,4
1301,3.46890902848421,144.03236389160156,4
1302,3.5666247866489593,56.824554443359375,4
1303,3.5177669488817287,57.079444885253906,4
1304,3.762056249393413,74.69721984863281,4
1305,3.8597721479107454,58.47251510620117,4
1306,3.7620562461260985,55.133670806884766,4
1307,4.006345673518302,46.88187789916992,4
1308,4.152919174882321,69.3138198852539,4
1309,4.2506350805199595,32.60367965698242,4
1310,5.032360940538342,35.72433853149414,4
1311,4.592640187326368,53.84892272949219,4
1312,4.592640319696196,49.24640655517578,4
1313,4.641498155162697,34.385074615478516,4
1314,4.592640187326368,28.077375411987305,4
1315,4.641498155162697,33.90664291381836,4
1316,4.788071897600354,35.98402786254883,4
1317,4.739214204097313,29.405000686645508,4
1318,4.739214029706105,50.99481201171875,4
1319,4.592640667283477,55.284244537353516,4
1320,4.592640667283477,54.95022964477539,4
1321,4.592640488185762,47.49656295776367,4
1322,4.543782180422988,55.32695388793945,4
1323,4.5437819261324774,68.3432388305664,4
1324,4.5437819261324774,37.6744270324707,4
1325,4.49492423101992,54.89778137207031,4
1326,4.49492461712102,36.15899658203125,4
1327,4.494924721775893,30.14510154724121,4
1328,5.081219348740975,22.57841682434082,4
1329,4.446066850625772,20.252256393432617,4
1330,4.592640466167857,20.18361473083496,4
1331,5.0323611590682455,19.21565818786621,4
1332,4.983503422587534,24.937480926513672,4
1333,4.983503422587534,36.10211944580078,4
1334,4.543782389122692,96.19230651855469,4
1335,4.543782389122692,137.67474365234375,4
1336,4.543782116858299,59.569889068603516,4
1337,4.543782204314896,38.01655197143555,4
1338,4.494924721775893,56.29175567626953,4
1339,4.446066758699173,108.931396484375,4
1340,4.348351297523514,102.48696899414062,4
1341,4.348350766096752,285.90155029296875,4
1342,4.836929825404665,116.44905090332031,4
1343,4.348350912920718,97.27627563476562,4
1344,4.49492423101992,71.3778076171875,4
1345,4.348350912920718,110.3611831665039,4
1346,4.494924408403603,78.33218383789062,4
1347,4.348350822582831,61.26681137084961,4
1348,4.397208638902645,62.18582534790039,4
1349,4.592640488185762,103.8153076171875,4
1350,4.641497874769884,87.94679260253906,4
1351,4.494924823972681,57.5317268371582,4
1352,4.739214029706105,75.16419219970703,4
1353,4.836929760911399,57.0557975769043,4
1354,4.934645325294411,85.883544921875,4
1355,5.032360973660374,63.88875198364258,4
1356,5.032360811488886,65.72081756591797,4
1357,5.032360811488886,99.83171081542969,4
1358,5.081219269175258,31.27446174621582,4
1359,4.836929882939267,21.141510009765625,4
1360,5.032360973660374,39.07358932495117,4
1361,4.983503151125802,45.79604721069336,4
1362,5.0812192441180795,68.86029052734375,4
1363,5.081219017769448,63.67036819458008,4
1364,5.130076905471847,87.3178939819336,4
1365,5.1789343401035355,87.0434341430664,4
1366,5.178934808501091,93.20630645751953,4
1367,5.178934808501091,33.4870719909668,4
1368,5.227792632684072,44.040771484375,4
1369,5.227792632684072,42.18296813964844,4
1370,5.2766504148755775,36.29927444458008,4
1371,5.27665035241333,45.813697814941406,4
1372,5.325508358568228,38.68313980102539,4
1373,5.276650657849618,38.20226287841797,4
1374,5.374366364723125,57.56867218017578,4
1375,5.325508594669536,25.512067794799805,4
1376,5.4232241946634545,27.879398345947266,4
1377,5.618655915889673,38.31144332885742,4
1378,5.472082379075836,44.439064025878906,4
1379,5.618655915889673,76.4511489868164,4
1380,5.618655915889673,57.3535270690918,4
1381,5.618655915889673,69.00769805908203,4
1382,5.667513609392714,51.151798248291016,4
1383,5.716371759200468,81.19053649902344,4
1384,5.765229452703509,25.08601951599121,4
1385,5.667513246888943,15.169870376586914,4
1386,5.569797830536775,92.83292388916016,5
1387,5.520939952509693,64.27262878417969,5
1388,5.423223800721648,93.5677261352539,5
1389,5.374366282992773,153.73890686035156,5
1390,5.374366441842984,116.9325942993164,5
1391,5.276650291703962,177.85635375976562,5
1392,5.227792439733314,214.2561798095703,5
1393,5.178934592559866,422.549560546875,5
1394,5.081218929066606,120.99330139160156,5
1395,5.032361081893158,238.49851989746094,5
1396,4.934644926956937,160.6715850830078,5
1397,4.885787540372814,262.053466796875,5
1398,4.788071385436592,269.4378967285156,5
1399,4.739214204097313,100.69898986816406,5
1400,4.6903565451989,165.8940887451172,5
1401,4.6414983607865175,195.18533325195312,5
1402,4.592640488185762,305.8887023925781,5
1403,4.49492433324954,142.21043395996094,5
1404,4.397208980661885,162.82826232910156,5
1405,4.348350830854132,461.0367736816406,5
1406,4.250634987543338,275.1680908203125,5
1407,4.201777294040295,167.5977783203125,5
1408,4.152919337780269,159.0066680908203,5
1409,4.1040615570089525,228.6127471923828,5
1410,4.006345544699158,378.7550048828125,5
1411,4.006345800966433,357.6538391113281,5
1412,3.9574877643099975,244.88414001464844,5
1413,3.810914235695348,365.7116394042969,5
1414,3.810914235695348,289.98858642578125,5
1415,3.7131984491512897,407.7977294921875,5
1416,3.66434066876213,273.6133728027344,5
1417,3.6154826626072323,375.9490051269531,5
1418,3.5666248278153287,673.1007080078125,5
1419,3.5666249623725665,248.52859497070312,5
1420,3.566624853498792,267.284912109375,5
1421,3.371193347448525,253.83633422851562,5
1422,3.322335341293627,198.19195556640625,5
1423,3.273477643290223,164.2095489501953,5
1424,3.1757618126789775,322.61651611328125,5
1425,3.1269041064763865,158.42835998535156,5
1426,3.224619818833875,480.8851318359375,5
1427,3.1269041064763865,665.3043212890625,5
1428,3.029188263165591,478.3630065917969,5
1429,2.9803305869648637,373.7469177246094,5
1430,2.9314724413619135,331.8492736816406,5
1431,2.8826147263517545,556.4894409179688,5
1432,2.833756747015018,616.87109375,5
1433,3.0291881463106365,758.660400390625,5
1434,2.7360410680949396,258.45849609375,5
1435,2.8826147263517545,740.621826171875,5
1436,2.833756804696357,407.9930114746094,5
1437,2.9803304433286995,449.2040710449219,5
1438,2.638325145851981,597.2371826171875,5
1439,2.589467163742376,455.2340393066406,5
1440,2.589467163742376,374.8774108886719,5
1441,2.540609413823136,500.0172424316406,5
1442,2.8337565875949475,424.3714599609375,5
1443,2.589467296279933,204.8157501220703,5
1444,2.394035827059952,102.2420425415039,5
1445,2.3451780050318622,121.9697494506836,5
1446,2.5406096743704873,86.82733917236328,5
1447,2.3451782909313716,229.99696350097656,5
1448,2.3451782909313716,95.25609588623047,5
1449,2.5406097191111514,75.18977355957031,5
1450,2.4917516107273574,177.8604736328125,5
1451,2.296320130773772,261.0483093261719,5
1452,2.4917516107273574,135.02548217773438,5
1453,2.296320130773772,107.07846069335938,5
1454,2.2474623597759975,159.37493896484375,5
1455,2.394035738047554,67.41273498535156,5
1456,2.1986042491975377,237.1109161376953,5
1457,2.1986043939212423,172.38427734375,5
1458,2.1986043939212423,267.1938781738281,5
1459,2.14974645982549,328.1429443359375,5
1460,2.14974645982549,264.34759521484375,5
1461,2.14974645982549,445.2273864746094,5
1462,2.1497464586381563,326.2731018066406,5
1463,2.149746472277875,312.2467041015625,5
1464,2.1986044903309425,714.9285888671875,5
1465,2.198604307119126,398.21002197265625,5
1466,2.2474623132740237,202.11097717285156,5
1467,2.2474623132740237,576.3585205078125,5
1468,2.296320159848098,375.1833801269531,5
1469,2.3451780642966114,120.98368072509766,5
1470,2.345178107929299,294.9078063964844,5
1471,2.3940358432344606,552.4998779296875,5
1472,2.4428938450956683,338.1788024902344,5
1473,2.4428938450956683,339.1734619140625,5
1474,2.491751707580574,413.9884033203125,5
1475,2.540609697472885,416.44134521484375,5
1476,2.5894672522035362,255.14715576171875,5
1477,2.687183207662333,156.87417602539062,5
1478,2.736041082153458,187.30990600585938,5
1479,2.7848990661178643,389.0428466796875,5
1480,2.8337567389021845,169.9803924560547,5
1481,2.931472520513314,265.977294921875,5
1482,3.0780460999103334,197.9853515625,5
1483,3.0291882098909197,252.59628295898438,5
1484,3.0780460843820445,298.5285339355469,5
1485,3.126904089802645,314.063720703125,5
1486,3.2246198593208493,394.2051086425781,5
1487,3.273477582751876,244.44082641601562,5
1488,3.273477582751876,265.50054931640625,5
1489,3.322335572644187,103.21540069580078,5
1490,3.420051362683771,102.33577728271484,5
1491,3.5177670554857294,126.97293090820312,5
1492,3.566624835111623,220.9064178466797,5
1493,3.615482825003934,74.00235748291016,5
1494,3.6154827910516785,118.02534484863281,5
1495,3.6643408148962453,128.46421813964844,5
1496,3.7131985383272714,224.00599670410156,5
1497,3.762056476981686,124.63689422607422,5
1498,3.8597722668729744,56.033119201660156,5
1499,3.8597722668729744,125.3847885131836,5
1500,3.9086298500364935,94.19117736816406,5
1501,4.006345734492151,201.03204345703125,5
1502,4.055203302276186,78.63741302490234,5
1503,4.201777483794978,61.49494171142578,5
1504,4.201777483794978,56.463722229003906,5
1505,4.201777504413479,59.16883087158203,5
1506,4.201777504413479,37.69097900390625,5
1507,4.25063499947189,78.48100280761719,5
1508,4.397208846184735,40.06217956542969,5
1509,4.29949271169716,64.71849822998047,5
1510,4.348350956653172,35.30644989013672,5
1511,4.397208574281711,24.028810501098633,5
1512,5.032360939960082,47.911067962646484,5
1513,4.983503191468869,13.310962677001953,5
1514,5.227792847895279,13.097909927368164,5
1515,4.739213715941017,19.524930953979492,5
1516,4.543782453521738,16.741249084472656,5
1517,4.494924626548047,22.096996307373047,5
1518,4.494924626548047,24.50149917602539,5
1519,4.446066658711718,56.13731384277344,5
1520,4.397208614238252,96.61688232421875,5
1521,4.3483510979333975,103.0839614868164,5
1522,4.299493102746463,160.41844177246094,5
1523,4.299493102746463,149.073486328125,5
1524,4.250634987543338,75.66814422607422,5
1525,4.201777294040295,104.45357513427734,5
1526,4.104061678881856,105.34343719482422,5
1527,4.055203278952819,65.25357818603516,5
1528,3.957487814900586,108.91337585449219,5
1529,3.908629737432475,150.80859375,5
1530,3.8597721514073244,139.2937469482422,5
1531,3.957487674522905,173.9559326171875,5
1532,3.85977217449095,463.92828369140625,5
1533,3.8109142144402006,666.2667846679688,5
1534,3.7620564263995893,339.40606689453125,5
1535,3.7131984633228687,214.3360595703125,5
1536,3.566624829575883,133.78460693359375,5
1537,3.6154827831866787,113.54557037353516,5
1538,3.420051386219203,129.59356689453125,5
1539,3.5177670365708167,160.76278686523438,5
1540,3.322335456175778,261.69097900390625,5
1541,3.273477437142341,322.5182800292969,5
1542,3.1269041589719073,157.09373474121094,5
1543,3.078046050588113,106.23326873779297,5
1544,3.0780459497528945,411.1590576171875,5
1545,2.8826146996339763,124.62879180908203,5
1546,2.8826147184408577,217.47743225097656,5
1547,2.8337565656150563,130.95057678222656,5
1548,2.833756494035064,114.38908386230469,5
1549,2.833756494035064,61.273319244384766,5
1550,2.833756747015018,296.8291320800781,5
1551,2.833756747015018,472.1708068847656,5
1552,2.8826147263517545,311.6779479980469,5
1553,2.8826144913653726,96.021484375,5
1554,2.9314725148274525,638.7467651367188,5
1555,2.9803303313827723,785.398193359375,5
1556,3.0291881695338794,442.4869079589844,5
1557,3.0291882651624293,206.32867431640625,5
1558,3.126904089802645,64.66647338867188,5
1559,3.3223355575454945,133.39352416992188,5
1560,3.2246199143319667,112.75045013427734,5
1561,3.4200513421623917,135.6422576904297,5
1562,3.4689089611017567,164.40281677246094,5
1563,3.420051362683771,130.51986694335938,5
1564,3.4689089680140994,84.27249145507812,5
1565,3.713198273952739,77.29024505615234,5
1566,3.6643406593793393,163.8575897216797,5
1567,3.810914184326587,135.06906127929688,5
1568,3.908629858261993,251.0498809814453,5
1569,3.9574877183730455,111.90626525878906,5
1570,4.006345633011539,348.975830078125,5
1571,4.055203449624832,208.45254516601562,5
1572,4.152919178689221,92.0905990600586,5
1573,4.299492724366903,204.09490966796875,5
1574,4.299492724366903,115.96566772460938,5
1575,4.446066931436726,208.08016967773438,5
1576,4.543782231779843,173.4397430419922,5
1577,4.592640477114408,157.4579315185547,5
1578,4.64149806381863,78.11078643798828,5
1579,4.73921402279209,49.548011779785156,5
1580,4.836929834331838,67.14285278320312,5
1581,4.885787429587594,37.43836975097656,5
1582,4.8369298660170505,36.9071159362793,5
1583,4.983503125651863,34.67433547973633,5
1584,4.983503415161148,35.42238235473633,5
1585,5.130076851915511,36.892822265625,5
1586,5.130076851915511,38.22324752807617,5
1587,5.472082095775272,16.8979549407959,5
1588,5.227792847895279,25.340635299682617,5
1589,5.520939893337775,16.016334533691406,5
1590,5.5209400725788775,12.820351600646973,5
1591,5.618655729160069,11.38599681854248,5
1592,5.472082167632633,12.406805038452148,5
1593,5.472082123399175,18.84830665588379,5
1594,5.423223800721648,12.585603713989258,5
1595,5.325508594669536,22.082988739013672,5
1596,5.227792998951204,20.94908905029297,5
1597,5.227792998951204,114.95974731445312,5
1598,5.178934814538822,57.24139404296875,5
1599,5.178934814538822,89.8050537109375,5
1600,5.130076776240053,54.29692077636719,5
1601,5.081219462137367,23.58210563659668,5
1602,5.081219462137367,53.92576217651367,5
1603,5.032360811488886,35.843170166015625,5
1604,4.983503256865462,37.76904296875,5
1605,5.081219462137367,42.68796920776367,5
1606,5.032361277724986,100.63288116455078,5
1607,4.983503584221945,50.62622833251953,5
1608,4.88578774091115,39.917335510253906,5
1609,4.88578774091115,43.684513092041016,5
1610,4.836930082012736,99.44615173339844,5
1611,4.739214029706105,108.63331604003906,5
1612,4.6903565451989,89.42829895019531,5
