X,Y,CentroidNumber
,,0.0
X,Y,CentroidNumber
,,0.0
X,Y,CentroidNumber
,,0.0
X,Y,CentroidNumber
,,0.0
X,Y,CentroidNumber
,,0.0
X,Y,CentroidNumber
,,0.0
X,Y,CentroidNumber
,,0.0
X,Y,CentroidNumber
,,0.0
X,Y,CentroidNumber
,,0.0
X,Y,CentroidNumber
,,0.0
X,Y,CentroidNumber
,,0.0
X,Y,CentroidNumber
,,0.0
X,Y,CentroidNumber
,,0.0
X,Y,CentroidNumber
,,0.0
X,Y,CentroidNumber
,,0.0
X,Y,CentroidNumber
,,0.0
X,Y,CentroidNumber
,,0.0
X,Y,CentroidNumber
,,0.0
X,Y,CentroidNumber
,,0.0
X,Y,CentroidNumber
,,0.0
X,Y,CentroidNumber
,,0.0
X,Y,CentroidNumber
,,0.0
X,Y,CentroidNumber
,,0.0
X,Y,CentroidNumber
,,0.0
X,Y,CentroidNumber
,,0.0
X,Y,CentroidNumber
,,0.0
X,Y,CentroidNumber
,,0.0
X,Y,CentroidNumber
,,0.0
X,Y,CentroidNumber
,,0.0
X,Y,CentroidNumber
,,0.0
X,Y,CentroidNumber
,,0.0
X,Y,CentroidNumber
,,0.0
X,Y,CentroidNumber
,,0.0
X,Y,CentroidNumber
,,0.0
X,Y,CentroidNumber
,,0.0
X,Y,CentroidNumber
,,0.0
X,Y,CentroidNumber
,,0.0
X,Y,CentroidNumber
,,0.0
X,Y,CentroidNumber
,,0.0
X,Y,CentroidNumber
,,0.0
X,Y,CentroidNumber
,,0.0
X,Y,CentroidNumber
,,0.0
X,Y,CentroidNumber
,,0.0
X,Y,CentroidNumber
,,0.0
X,Y,CentroidNumber
,,0.0
X,Y,CentroidNumber
,,0.0
X,Y,CentroidNumber
,,0.0
X,Y,CentroidNumber
,,0.0
X,Y,CentroidNumber
,,0.0
X,Y,CentroidNumber
,,0.0
X,Y,CentroidNumber
,,0.0
X,Y,CentroidNumber
,,0.0
X,Y,CentroidNumber
,,0.0
X,Y,CentroidNumber
,,0.0
X,Y,CentroidNumber
,,0.0
X,Y,CentroidNumber
,,0.0
X,Y,CentroidNumber
,,0.0
X,Y,CentroidNumber
,,0.0
X,Y,CentroidNumber
,,0.0
X,Y,CentroidNumber
,,0.0
X,Y,CentroidNumber
,,0.0
X,Y,CentroidNumber
,,0.0
X,Y,CentroidNumber
,,0.0
X,Y,CentroidNumber
,,0.0
X,Y,CentroidNumber
,,0.0
X,Y,CentroidNumber
,,0.0
X,Y,CentroidNumber
,,0.0
X,Y,CentroidNumber
,,0.0
X,Y,CentroidNumber
,,0.0
X,Y,CentroidNumber
,,0.0
X,Y,CentroidNumber
,,0.0
X,Y,CentroidNumber
,,0.0
X,Y,CentroidNumber
,,0.0
X,Y,CentroidNumber
,,0.0
X,Y,CentroidNumber
,,0.0
X,Y,CentroidNumber
,,0.0
X,Y,CentroidNumber
,,0.0
X,Y,CentroidNumber
,,0.0
X,Y,CentroidNumber
,,0.0
X,Y,CentroidNumber
,,0.0
X,Y,CentroidNumber
,,0.0
X,Y,CentroidNumber
,,0.0
X,Y,CentroidNumber
,,0.0
X,Y,CentroidNumber
,,0.0
X,Y,CentroidNumber
,,0.0
X,Y,CentroidNumber
,,0.0
X,Y,CentroidNumber
,,0.0
X,Y,CentroidNumber
,,0.0
X,Y,CentroidNumber
,,0.0
X,Y,CentroidNumber
,,0.0
X,Y,CentroidNumber
,,0.0
X,Y,CentroidNumber
,,0.0
X,Y,CentroidNumber
,,0.0
X,Y,CentroidNumber
,,0.0
X,Y,CentroidNumber
,,0.0
X,Y,CentroidNumber
,,0.0
X,Y,CentroidNumber
,,0.0
X,Y,CentroidNumber
,,0.0
X,Y,CentroidNumber
,,0.0
X,Y,CentroidNumber
,,0.0
X,Y,CentroidNumber
,,0.0
X,Y,CentroidNumber
,,0.0
X,Y,CentroidNumber
1.8263206084569295,4.697361866633098,0.0
X,Y,CentroidNumber
,,0.0
X,Y,CentroidNumber
,,0.0
X,Y,CentroidNumber
,,0.0
X,Y,CentroidNumber
,,0.0
X,Y,CentroidNumber
,,0.0
X,Y,CentroidNumber
1.943902591864268,4.764705975850423,0.0
X,Y,CentroidNumber
1.7735631704330443,4.773661454518636,0.0
X,Y,CentroidNumber
1.7054790724878726,4.775711349819018,0.0
X,Y,CentroidNumber
1.715837876001994,4.7519880063606035,0.0
X,Y,CentroidNumber
1.7699119249979656,4.750261977866844,0.0
X,Y,CentroidNumber
1.6685670729606383,4.779632014612997,0.0
X,Y,CentroidNumber
1.7523724375099972,4.801669877150963,0.0
X,Y,CentroidNumber
1.678144146656168,4.782415061161436,0.0
X,Y,CentroidNumber
1.719347243309021,4.716444778442383,0.0
X,Y,CentroidNumber
1.717151200329816,4.683828406863743,0.0
X,Y,CentroidNumber
1.6269753336906434,4.707246510187785,0.0
X,Y,CentroidNumber
1.6330263444355555,4.718262382916042,0.0
X,Y,CentroidNumber
1.6387151018265755,4.663221082379741,0.0
X,Y,CentroidNumber
1.6428699612617492,4.669340181350708,0.0
X,Y,CentroidNumber
1.567337401707967,4.6487073262532554,0.0
X,Y,CentroidNumber
1.5928809257114636,4.61693403300117,0.0
X,Y,CentroidNumber
1.6360653400421143,4.617809431893485,0.0
X,Y,CentroidNumber
1.6551618000556683,4.581626250826079,0.0
X,Y,CentroidNumber
1.6022863984107971,4.58128121693929,0.0
X,Y,CentroidNumber
1.5487639955852344,4.561000098352847,0.0
X,Y,CentroidNumber
1.6128190085291862,4.6208707094192505,0.0
X,Y,CentroidNumber
1.560741079159272,4.605943692036164,0.0
X,Y,CentroidNumber
1.5494608223438262,4.61215888261795,0.0
X,Y,CentroidNumber
1.4599731175266966,4.652672787101901,0.0
X,Y,CentroidNumber
1.513248674247576,4.58544343450795,0.0
X,Y,CentroidNumber
1.4504056440459356,4.609984583324856,0.0
X,Y,CentroidNumber
1.4990366040443888,4.628899788369938,0.0
X,Y,CentroidNumber
1.435136145667026,4.61497792444731,0.0
X,Y,CentroidNumber
1.3876369780964322,4.611291652255588,0.0
X,Y,CentroidNumber
1.3879120478758942,4.558171581577611,0.0
X,Y,CentroidNumber
1.3589789762216455,4.525238149306354,0.0
X,Y,CentroidNumber
1.4066378127696901,4.542196373606837,0.0
X,Y,CentroidNumber
1.2933265058005727,4.562797511496195,0.0
X,Y,CentroidNumber
1.2762754681782844,4.564310134985508,0.0
X,Y,CentroidNumber
1.2903982674753345,4.544020974958265,0.0
X,Y,CentroidNumber
1.3355493322014809,4.573912262916565,0.0
X,Y,CentroidNumber
1.3149415808064597,4.524080259459359,0.0
X,Y,CentroidNumber
1.4283456840413682,4.580749542155164,0.0
X,Y,CentroidNumber
1.2963015295957263,4.5533355788180705,0.0
X,Y,CentroidNumber
1.3130771248113542,4.506373746054513,0.0
X,Y,CentroidNumber
1.4238781671266298,4.48930058608184,0.0
X,Y,CentroidNumber
1.3774020195007324,4.450182318687439,0.0
X,Y,CentroidNumber
1.4566604826185439,4.394515938229031,0.0
X,Y,CentroidNumber
1.348589076445653,4.488887896904578,0.0
X,Y,CentroidNumber
1.3069053632872445,4.509300708770752,0.0
X,Y,CentroidNumber
1.4037943337021805,4.442836656803038,0.0
X,Y,CentroidNumber
1.4428202880395424,4.536497979550748,0.0
X,Y,CentroidNumber
1.4544076919555664,4.447661320368449,0.0
X,Y,CentroidNumber
1.41891622915864,4.388583287596703,0.0
X,Y,CentroidNumber
1.348666200512334,4.4681666901237085,0.0
X,Y,CentroidNumber
1.3512481161066003,4.516555476833034,0.0
X,Y,CentroidNumber
1.3386896598723628,4.5200943177746185,0.0
X,Y,CentroidNumber
1.4456342235207558,4.5515730281670885,0.0
X,Y,CentroidNumber
1.509228765964508,4.580262264962924,0.0
X,Y,CentroidNumber
1.444165056714645,4.581648221382728,0.0
X,Y,CentroidNumber
1.3882642005171095,4.610401936939785,0.0
X,Y,CentroidNumber
1.4186006949302998,4.598339882302792,0.0
X,Y,CentroidNumber
1.3131710335060403,4.5665934703968185,0.0
X,Y,CentroidNumber
1.3460578456521035,4.608068323135376,0.0
X,Y,CentroidNumber
1.4110283851623535,4.568122876657022,0.0
X,Y,CentroidNumber
1.3488861260742977,4.550267893692543,0.0
X,Y,CentroidNumber
1.3614038021668144,4.606415002242379,0.0
X,Y,CentroidNumber
1.353980165719986,4.5432679653167725,0.0
X,Y,CentroidNumber
1.389000689983368,4.5805739402771,0.0
X,Y,CentroidNumber
1.3902542129639657,4.5703263590412755,0.0
X,Y,CentroidNumber
1.3653795832679385,4.549567699432373,0.0
X,Y,CentroidNumber
1.2436324918971342,4.537828361286836,0.0
X,Y,CentroidNumber
1.4115304191907247,4.593941926956177,0.0
X,Y,CentroidNumber
1.2679347364526046,4.542870245481792,0.0
X,Y,CentroidNumber
,,0.0
X,Y,CentroidNumber
1.449545721213023,4.511424859364827,0.0
X,Y,CentroidNumber
1.4841163953145344,4.534524281819661,0.0
X,Y,CentroidNumber
,,0.0
X,Y,CentroidNumber
1.3105940602042458,4.511691396886652,0.0
X,Y,CentroidNumber
1.2761710312055505,4.502334470334261,0.0
X,Y,CentroidNumber
,,0.0
X,Y,CentroidNumber
1.272915894985199,4.530860843658448,0.0
X,Y,CentroidNumber
1.4024144411087036,4.516306304931641,0.0
X,Y,CentroidNumber
,,0.0
X,Y,CentroidNumber
1.2604392349720002,4.522531795501709,0.0
X,Y,CentroidNumber
1.3079995683261327,4.539214713232858,0.0
X,Y,CentroidNumber
,,0.0
X,Y,CentroidNumber
,,0.0
X,Y,CentroidNumber
,,0.0
X,Y,CentroidNumber
,,0.0
X,Y,CentroidNumber
,,0.0
X,Y,CentroidNumber
,,0.0
X,Y,CentroidNumber
,,0.0
X,Y,CentroidNumber
,,0.0
X,Y,CentroidNumber
,,0.0
X,Y,CentroidNumber
,,0.0
X,Y,CentroidNumber
,,0.0
X,Y,CentroidNumber
,,0.0
X,Y,CentroidNumber
,,0.0
X,Y,CentroidNumber
1.5076655149459839,4.441439628601074,0.0
X,Y,CentroidNumber
,,0.0
X,Y,CentroidNumber
,,0.0
X,Y,CentroidNumber
,,0.0
X,Y,CentroidNumber
1.2944196122033256,4.532209941319057,0.0
X,Y,CentroidNumber
,,0.0
X,Y,CentroidNumber
1.2430177827676137,4.513703167438507,0.0
X,Y,CentroidNumber
1.218785858154297,4.547314850489299,0.0
X,Y,CentroidNumber
1.2876238073072126,4.475147447278423,0.0
X,Y,CentroidNumber
1.2032189280898482,4.555647408520734,0.0
X,Y,CentroidNumber
1.1980315049489338,4.447552522023519,0.0
X,Y,CentroidNumber
1.2768657024090106,4.465017318725586,0.0
X,Y,CentroidNumber
1.1980120785096113,4.491313162971945,0.0
X,Y,CentroidNumber
1.2279769120545223,4.4354081318296235,0.0
X,Y,CentroidNumber
1.267694752663374,4.450314357876778,0.0
X,Y,CentroidNumber
1.2129758267567075,4.426020572925436,0.0
X,Y,CentroidNumber
1.1955343156025326,4.405587689629916,0.0
X,Y,CentroidNumber
1.2019993344942728,4.389468081792196,0.0
X,Y,CentroidNumber
1.371388861288627,4.469756513834,0.0
X,Y,CentroidNumber
1.3082797706127167,4.432822954654694,0.0
X,Y,CentroidNumber
1.2953868636063166,4.4046821140107655,0.0
X,Y,CentroidNumber
1.3380427869657676,4.409433285395305,0.0
X,Y,CentroidNumber
1.4595506442220587,4.393004174818072,0.0
X,Y,CentroidNumber
1.3051831369497338,4.3603619166782925,0.0
X,Y,CentroidNumber
1.4644809312987745,4.373520215352376,0.0
X,Y,CentroidNumber
1.664738674648106,4.357933454215527,0.0
X,Y,CentroidNumber
1.6796735107898713,4.350652035077413,0.0
X,Y,CentroidNumber
1.6091249933782614,4.271267836948611,0.0
X,Y,CentroidNumber
1.674960300116472,4.305301253224762,0.0
X,Y,CentroidNumber
1.5682590765257676,4.262363538146019,0.0
X,Y,CentroidNumber
1.5649551198167622,4.26062957745678,0.0
X,Y,CentroidNumber
1.4726202139040319,4.190305965702708,0.0
X,Y,CentroidNumber
1.6078963770585901,4.210881663303749,0.0
X,Y,CentroidNumber
1.6711729572991194,4.149885917113999,0.0
X,Y,CentroidNumber
1.7390317158265547,4.158144265955145,0.0
X,Y,CentroidNumber
1.7904785068829854,4.084643789927164,0.0
X,Y,CentroidNumber
1.7008880120057326,4.114820234592145,0.0
X,Y,CentroidNumber
1.7092185381687048,4.037095749016964,0.0
X,Y,CentroidNumber
1.725379581962313,4.007004546267646,0.0
X,Y,CentroidNumber
1.6484884175043257,3.9645965894063315,0.0
X,Y,CentroidNumber
1.627291244930691,3.948006788889567,0.0
X,Y,CentroidNumber
1.7169588856075122,3.9347762819649517,0.0
X,Y,CentroidNumber
1.7021179394288497,3.9134058952331543,0.0
X,Y,CentroidNumber
1.4977829923816757,3.8577194073620964,0.0
X,Y,CentroidNumber
1.6134783389433376,3.8133502816254237,0.0
X,Y,CentroidNumber
1.374491127424462,3.78022044758464,0.0
X,Y,CentroidNumber
1.3548535595134812,3.719833111276432,0.0
X,Y,CentroidNumber
1.3777696121306646,3.7027499164853777,0.0
X,Y,CentroidNumber
1.3546759392085828,3.6285629962619983,0.0
X,Y,CentroidNumber
1.3280013425009591,3.6023293358939035,0.0
X,Y,CentroidNumber
1.3423649637322677,3.5548756185330843,0.0
X,Y,CentroidNumber
1.4278493225574493,3.555826246738434,0.0
X,Y,CentroidNumber
1.4568774492844292,3.532800897308018,0.0
X,Y,CentroidNumber
1.4354291174146865,3.4646408134036593,0.0
X,Y,CentroidNumber
1.3741062074094206,3.4195534087516166,0.0
X,Y,CentroidNumber
1.3855195020107514,3.3971697218874666,0.0
X,Y,CentroidNumber
1.392010793541417,3.343112916657419,0.0
X,Y,CentroidNumber
1.4570078538811726,3.308469108913256,0.0
X,Y,CentroidNumber
1.3729289730389913,3.2879478057225544,0.0
X,Y,CentroidNumber
1.5606978084982894,3.248756420321581,0.0
X,Y,CentroidNumber
1.5195587302247684,3.224008580048879,0.0
X,Y,CentroidNumber
1.5091975506614237,3.190734898342806,0.0
X,Y,CentroidNumber
1.520065176486969,3.176390194892883,0.0
X,Y,CentroidNumber
1.5060172447791467,3.1333464903709216,0.0
X,Y,CentroidNumber
1.5241194355244538,3.115062952041626,0.0
X,Y,CentroidNumber
1.4866556615540476,3.0232680783127295,0.0
X,Y,CentroidNumber
1.4546150135439495,3.0228510956431545,0.0
X,Y,CentroidNumber
1.4291471432555805,2.9608289165930315,0.0
X,Y,CentroidNumber
1.4889243082566694,2.954114952954379,0.0
X,Y,CentroidNumber
1.4590282034873963,2.90808611869812,0.0
X,Y,CentroidNumber
1.351487751616988,2.9071953074876653,0.0
X,Y,CentroidNumber
1.3794651192587775,2.8884283658620475,0.0
X,Y,CentroidNumber
1.3062445436205183,2.8356387274605885,0.0
X,Y,CentroidNumber
1.3904517590999603,2.8332901434464888,0.0
X,Y,CentroidNumber
1.4110761880874634,2.78948773481907,0.0
X,Y,CentroidNumber
1.284123666824833,2.7379199151069886,0.0
X,Y,CentroidNumber
1.3475606814026833,2.7227092683315277,0.0
X,Y,CentroidNumber
1.2787953004604433,2.6209190066267802,0.0
X,Y,CentroidNumber
1.3053596286063498,2.5893920279563742,0.0
X,Y,CentroidNumber
1.226264747413429,2.5380092827049463,0.0
X,Y,CentroidNumber
1.2432723492383957,2.454334631562233,0.0
X,Y,CentroidNumber
1.3388803988695144,2.486106288433075,0.0
X,Y,CentroidNumber
1.2759675618373987,2.430366797880693,0.0
X,Y,CentroidNumber
1.2942343652248383,2.343812518649631,0.0
X,Y,CentroidNumber
1.313005962542125,2.354241728782654,0.0
X,Y,CentroidNumber
1.2691953706741332,2.226921977996826,0.0
X,Y,CentroidNumber
1.314761175428118,2.2832786968776158,0.0
X,Y,CentroidNumber
1.2179841918330039,2.225770758044335,0.0
X,Y,CentroidNumber
1.2673224773671892,2.1900257964928946,0.0
X,Y,CentroidNumber
1.2421711322033044,2.1791095011162036,0.0
X,Y,CentroidNumber
1.2459023594856262,2.1968703234896942,0.0
X,Y,CentroidNumber
1.2181338639486403,2.1018265712828863,0.0
X,Y,CentroidNumber
1.1749308586120606,2.0510171830654143,0.0
X,Y,CentroidNumber
1.1551590760548909,2.0481123169263205,0.0
X,Y,CentroidNumber
1.1311890175848296,2.0542740496722134,0.0
X,Y,CentroidNumber
1.0683095653851826,2.033486172556877,0.0
X,Y,CentroidNumber
1.0332121082714625,1.962870200475057,0.0
X,Y,CentroidNumber
,,0.0
X,Y,CentroidNumber
1.0250865000265617,1.905210918850369,0.0
X,Y,CentroidNumber
0.986230323712031,1.8919381946325302,0.0
X,Y,CentroidNumber
0.9484249905303672,1.8326391423190083,0.0
X,Y,CentroidNumber
0.9085053503513336,1.816316089846871,0.0
X,Y,CentroidNumber
0.8844610695485715,1.832157708980419,0.0
X,Y,CentroidNumber
0.8605576198676537,1.7995695697850194,0.0
X,Y,CentroidNumber
0.865236828327179,1.7507472515106202,0.0
X,Y,CentroidNumber
0.8473049473762512,1.7047262239456176,0.0
X,Y,CentroidNumber
0.8220523794492086,1.6771306196848552,0.0
X,Y,CentroidNumber
0.796058839559555,1.6300309260686239,0.0
X,Y,CentroidNumber
0.7673580436145558,1.6231291995329016,0.0
X,Y,CentroidNumber
0.7248105642042662,1.6575110899774652,0.0
X,Y,CentroidNumber
0.711801691697194,1.6172006680415227,0.0
X,Y,CentroidNumber
0.7182425569604944,1.521708020457515,0.0
X,Y,CentroidNumber
0.6764143285927949,1.557616564962599,0.0
X,Y,CentroidNumber
0.6583007276058197,1.839827299118042,0.0
X,Y,CentroidNumber
0.6064625978469849,1.826366949081421,0.0
X,Y,CentroidNumber
0.6002358828599637,1.5203273296356201,0.0
X,Y,CentroidNumber
0.5555718243122101,1.461530454231031,0.0
X,Y,CentroidNumber
0.49113236864407855,1.3871717929840088,0.0
X,Y,CentroidNumber
0.4949825704097748,1.4114712285995483,0.0
X,Y,CentroidNumber
0.47809850898655976,1.43805593252182,0.0
X,Y,CentroidNumber
0.4296466938473962,1.420137432488528,0.0
X,Y,CentroidNumber
0.34881103908022243,1.4455313831567764,0.0
X,Y,CentroidNumber
0.3852428650033885,1.4662603715370441,0.0
X,Y,CentroidNumber
0.33988817946778405,1.4049180679851108,0.0
X,Y,CentroidNumber
0.27885310753943426,1.4284141971951438,0.0
X,Y,CentroidNumber
0.23698435906992585,1.4264136865490773,0.0
X,Y,CentroidNumber
0.20302115175873042,1.420927482843399,0.0
X,Y,CentroidNumber
0.16752399993129075,1.428946629166603,0.0
X,Y,CentroidNumber
0.18381200218573213,1.3958576023578644,0.0
X,Y,CentroidNumber
0.16289689508266747,1.3727519810199738,0.0
X,Y,CentroidNumber
0.15795298871295205,1.3644174337387085,0.0
X,Y,CentroidNumber
0.1268481871356135,1.389334165531656,0.0
X,Y,CentroidNumber
,,0.0
X,Y,CentroidNumber
,,0.0
X,Y,CentroidNumber
,,0.0
X,Y,CentroidNumber
,,0.0
X,Y,CentroidNumber
,,0.0
X,Y,CentroidNumber
,,0.0
X,Y,CentroidNumber
,,0.0
X,Y,CentroidNumber
,,0.0
X,Y,CentroidNumber
,,0.0
X,Y,CentroidNumber
-0.20135587648205136,1.2848897602247156,0.0
X,Y,CentroidNumber
-0.21159280121326446,1.2828040361404418,0.0
X,Y,CentroidNumber
-0.22508358067044845,1.3286629777688246,0.0
X,Y,CentroidNumber
-0.22494731217622757,1.2585754585266113,0.0
X,Y,CentroidNumber
-0.22651679292321206,1.335693860054016,0.0
X,Y,CentroidNumber
-0.2552686179837873,1.3445927443042878,0.0
X,Y,CentroidNumber
-0.2797994821360617,1.3532812450871323,0.0
X,Y,CentroidNumber
-0.31274764631923874,1.368323194353204,0.0
X,Y,CentroidNumber
-0.31566721260547637,1.3592234754562378,0.0
X,Y,CentroidNumber
-0.32696428207250744,1.3424928004925067,0.0
X,Y,CentroidNumber
-0.3753892321412156,1.3891276266516708,0.0
X,Y,CentroidNumber
-0.39375231482765893,1.370397585811037,0.0
X,Y,CentroidNumber
-0.4111384958028793,1.3909289717674256,0.0
X,Y,CentroidNumber
-0.46259514604296004,1.406881788798741,0.0
X,Y,CentroidNumber
-0.5047315806150436,1.4464305766991206,0.0
X,Y,CentroidNumber
-0.5355755738914013,1.414713278412819,0.0
X,Y,CentroidNumber
-0.5310632318258286,1.4023787180582683,0.0
X,Y,CentroidNumber
-0.5934071252422948,1.4420010351365613,0.0
X,Y,CentroidNumber
-0.6226965939557111,1.4502924150890775,0.0
X,Y,CentroidNumber
-0.6592529769986868,1.4339596964418888,0.0
X,Y,CentroidNumber
-0.6964250672608614,1.409704815596342,0.0
X,Y,CentroidNumber
-0.6855458135788257,1.3387311467757592,0.0
X,Y,CentroidNumber
-0.8043538217361157,1.4458452050502484,0.0
X,Y,CentroidNumber
-0.822222962975502,1.40159872174263,0.0
X,Y,CentroidNumber
-0.8160014855555999,1.4072849444853954,0.0
X,Y,CentroidNumber
-0.8504744172096252,1.3869293252627055,0.0
X,Y,CentroidNumber
-0.8867078357272677,1.4117066551137853,0.0
X,Y,CentroidNumber
-0.885592681746329,1.4284002127185944,0.0
X,Y,CentroidNumber
-0.9112699782406842,1.4022567492944222,0.0
X,Y,CentroidNumber
-0.8973442117373148,1.4539045536959614,0.0
X,Y,CentroidNumber
-0.893211447766849,1.484219023159572,0.0
X,Y,CentroidNumber
-0.9502528927944325,1.5003850945719965,0.0
X,Y,CentroidNumber
-0.9281637798184934,1.5420597895332004,0.0
X,Y,CentroidNumber
-0.9914962783936532,1.5538842139705535,0.0
X,Y,CentroidNumber
-0.9668761984161709,1.6048583932544873,0.0
X,Y,CentroidNumber
-1.0036701793256013,1.6599349094473796,0.0
X,Y,CentroidNumber
-1.0618144035339356,1.7323596477508545,0.0
X,Y,CentroidNumber
-1.0168026685714722,1.6527623569264132,0.0
X,Y,CentroidNumber
-1.0090930660565693,1.6864353382226192,0.0
X,Y,CentroidNumber
-1.0733995298544565,1.6823152383168538,0.0
X,Y,CentroidNumber
-1.0327353775501251,1.7205637785104604,0.0
X,Y,CentroidNumber
-1.0374481678009033,1.7425003339504372,0.0
X,Y,CentroidNumber
-1.0523254126310349,1.7671721527973812,0.0
X,Y,CentroidNumber
-1.1265044028942401,1.7729883866432385,0.0
X,Y,CentroidNumber
-1.1196400786147398,1.7873355290469002,0.0
X,Y,CentroidNumber
-1.180278397741772,1.870661701474871,0.0
X,Y,CentroidNumber
-1.1430758566691959,1.8497791002536643,0.0
X,Y,CentroidNumber
-1.1706198969402828,1.8661551926587079,0.0
X,Y,CentroidNumber
-1.2125884539940779,1.9117346125490524,0.0
X,Y,CentroidNumber
-1.3191275352781469,1.9072726531462236,0.0
X,Y,CentroidNumber
-1.3295309275388718,1.972835686802864,0.0
X,Y,CentroidNumber
-1.2591281306175959,1.9326593336604891,0.0
X,Y,CentroidNumber
-1.246096447986715,1.98654607814901,0.0
X,Y,CentroidNumber
-1.2870392694192774,2.015732898431666,0.0
X,Y,CentroidNumber
-1.2464322805404664,2.038378032048543,0.0
X,Y,CentroidNumber
-1.294894984790257,2.054598480463028,0.0
X,Y,CentroidNumber
-1.2457041386011485,2.0940118287060714,0.0
X,Y,CentroidNumber
-1.2870559181485857,2.1263495768819536,0.0
X,Y,CentroidNumber
-1.3365243557960755,2.2193656044621624,0.0
X,Y,CentroidNumber
-1.2668277866700117,2.2627388028537525,0.0
X,Y,CentroidNumber
-1.259687215089798,2.2635028858979545,0.0
X,Y,CentroidNumber
-1.410515510517618,2.328719455262889,0.0
X,Y,CentroidNumber
-1.3108240791729517,2.298587041241782,0.0
X,Y,CentroidNumber
-1.2227971066128125,2.369671117175709,0.0
X,Y,CentroidNumber
-1.380589905538057,2.4621106009734306,0.0
X,Y,CentroidNumber
-1.2837071230537014,2.4187978192379602,0.0
X,Y,CentroidNumber
-1.2538762399128505,2.509260014125279,0.0
X,Y,CentroidNumber
-1.2193899509069082,2.482522771165178,0.0
X,Y,CentroidNumber
-1.3346792285641034,2.583030199011167,0.0
X,Y,CentroidNumber
-1.2327815582012307,2.5633688055235764,0.0
X,Y,CentroidNumber
-1.3964980515566738,2.6340585405176338,0.0
X,Y,CentroidNumber
-1.496036069733756,2.7101687448365346,0.0
X,Y,CentroidNumber
-1.4618490772732233,2.7171657045008772,0.0
X,Y,CentroidNumber
-1.3759893008640833,2.7510147844042097,0.0
X,Y,CentroidNumber
-1.4949244885217576,2.836572976339431,0.0
X,Y,CentroidNumber
-1.5459768668464993,2.8631234065346094,0.0
X,Y,CentroidNumber
-1.4203588962554932,2.9121286869049072,0.0
X,Y,CentroidNumber
-1.4473040284112442,2.890632995339327,0.0
X,Y,CentroidNumber
-1.4917189829489763,2.9355553949580475,0.0
X,Y,CentroidNumber
-1.4870452667985643,2.930953247206552,0.0
X,Y,CentroidNumber
-1.5116382503509522,2.9652086448669435,0.0
X,Y,CentroidNumber
-1.542106032371521,3.053145503997803,0.0
X,Y,CentroidNumber
-1.3765534471582483,3.0244784001950866,0.0
X,Y,CentroidNumber
-1.4622809402644634,3.072891764342785,0.0
X,Y,CentroidNumber
-1.4104754051496817,3.1415463048358294,0.0
X,Y,CentroidNumber
-1.2589423967444378,3.0962322276571523,0.0
X,Y,CentroidNumber
-1.381816426428353,3.191351396281545,0.0
X,Y,CentroidNumber
-1.3843130634890661,3.206263118320041,0.0
X,Y,CentroidNumber
-1.2183419967952527,3.234191555725901,0.0
X,Y,CentroidNumber
-1.4096586245756884,3.3229374702160177,0.0
X,Y,CentroidNumber
-1.24287177835192,3.2698376723698206,0.0
X,Y,CentroidNumber
-1.3381996863597148,3.3713686530654496,0.0
X,Y,CentroidNumber
-1.2570292512575785,3.361576271057129,0.0
X,Y,CentroidNumber
-1.131625941821507,3.3450502441042946,0.0
X,Y,CentroidNumber
-1.1999849367141724,3.364080238342285,0.0
X,Y,CentroidNumber
-1.18421981884883,3.430099138846764,0.0
X,Y,CentroidNumber
-1.2590710401535035,3.482325553894043,0.0
X,Y,CentroidNumber
-1.3291956981023152,3.474860509236654,0.0
X,Y,CentroidNumber
-1.0875713598160517,3.5016327017829534,0.0
X,Y,CentroidNumber
-1.307323490579923,3.6106662253538766,0.0
X,Y,CentroidNumber
-1.35508967741676,3.626428396805473,0.0
X,Y,CentroidNumber
-1.3271276371346579,3.645384285185072,0.0
X,Y,CentroidNumber
-1.3244892666416783,3.669738277312248,0.0
X,Y,CentroidNumber
-1.3707228435410395,3.705831653541989,0.0
X,Y,CentroidNumber
-1.2410409731023453,3.6975054179920868,0.0
X,Y,CentroidNumber
-1.3019521911938985,3.7367603381474814,0.0
X,Y,CentroidNumber
-1.2788413950375148,3.738955749784197,0.0
X,Y,CentroidNumber
-1.334907054901123,3.769767616106116,0.0
X,Y,CentroidNumber
-1.4650448891851637,3.8421547015508017,0.0
X,Y,CentroidNumber
-1.345741053422292,3.800799866517385,0.0
X,Y,CentroidNumber
-1.3500503301620483,3.821288049221039,0.0
X,Y,CentroidNumber
-1.3313029063375372,3.8397531007465564,0.0
X,Y,CentroidNumber
-1.302192538283592,3.865274423776671,0.0
X,Y,CentroidNumber
-1.253398718105422,3.868449648221334,0.0
X,Y,CentroidNumber
-1.3607263282725686,3.9305155214510465,0.0
X,Y,CentroidNumber
-1.2370047442840808,3.9297818993077134,0.0
X,Y,CentroidNumber
-1.213910991495306,3.9272104176608,0.0
X,Y,CentroidNumber
,,0.0
X,Y,CentroidNumber
-1.178092354819888,3.962538003921509,0.0
X,Y,CentroidNumber
-1.1752440662219608,3.957042200811978,0.0
X,Y,CentroidNumber
-1.2598948949261715,4.043234373393812,0.0
X,Y,CentroidNumber
-1.448261559009552,4.047620058059692,0.0
X,Y,CentroidNumber
-1.2770784517814373,4.096993018840921,0.0
X,Y,CentroidNumber
-1.1594516689127141,4.079689365444762,0.0
X,Y,CentroidNumber
-1.1205271432797115,4.044511487086614,0.0
X,Y,CentroidNumber
-1.1551193180291548,4.049876047217327,0.0
X,Y,CentroidNumber
-1.314179827272892,4.067585837841034,0.0
X,Y,CentroidNumber
-1.2916478857849583,4.087186083649144,0.0
X,Y,CentroidNumber
-1.2278716721955467,4.11165409228381,0.0
X,Y,CentroidNumber
-1.1866845077481762,4.160212377022052,0.0
X,Y,CentroidNumber
-1.2981051432675328,4.161889947693924,0.0
X,Y,CentroidNumber
-1.2171205282211304,4.195804210809561,0.0
X,Y,CentroidNumber
-1.3293202384825675,4.270289098062823,0.0
X,Y,CentroidNumber
-1.2887279696953602,4.2681630697005835,0.0
X,Y,CentroidNumber
-1.1790209464404895,4.2737362695776895,0.0
X,Y,CentroidNumber
-1.1648119169732798,4.296141479326331,0.0
X,Y,CentroidNumber
-1.3055922848837715,4.317049871172224,0.0
X,Y,CentroidNumber
-1.1631346918918468,4.334770714795148,0.0
X,Y,CentroidNumber
-1.1428815398897443,4.346044594900949,0.0
X,Y,CentroidNumber
-1.1372313571698738,4.289634603442567,0.0
X,Y,CentroidNumber
-1.1794434477543008,4.378379114742937,0.0
X,Y,CentroidNumber
-1.19464137951533,4.376833788553873,0.0
X,Y,CentroidNumber
-1.1576962310534258,4.297134894591111,0.0
X,Y,CentroidNumber
-1.1678586021447792,4.34172004308456,0.0
X,Y,CentroidNumber
-1.1323830389976501,4.383167152404785,0.0
X,Y,CentroidNumber
-1.111110053279183,4.408263957861698,0.0
X,Y,CentroidNumber
-1.0831040287017821,4.43156343460083,0.0
X,Y,CentroidNumber
-1.1267453197276953,4.4797799370505595,0.0
X,Y,CentroidNumber
-1.069313002355171,4.480054479656798,0.0
X,Y,CentroidNumber
-1.1288074374198913,4.480289538701375,0.0
X,Y,CentroidNumber
-1.043877363204956,4.576514610877404,0.0
X,Y,CentroidNumber
-1.0264395223214076,4.528821064875676,0.0
X,Y,CentroidNumber
-1.0657170911629994,4.561721785863241,0.0
X,Y,CentroidNumber
-1.0387029015656672,4.616346417051373,0.0
X,Y,CentroidNumber
-1.0314703690154212,4.61373507976532,0.0
X,Y,CentroidNumber
-1.0440506718375466,4.53912784836509,0.0
X,Y,CentroidNumber
-0.9181718826293945,4.556081845210149,0.0
X,Y,CentroidNumber
-0.9873385674813214,4.5892697222092576,0.0
X,Y,CentroidNumber
-0.9645323294859666,4.547966608634362,0.0
X,Y,CentroidNumber
-0.9163898201215834,4.607001804170155,0.0
X,Y,CentroidNumber
-0.9277375848205002,4.605510746991193,0.0
X,Y,CentroidNumber
-0.9135295401016871,4.62437508503596,0.0
X,Y,CentroidNumber
-0.9769449210166932,4.624776840209961,0.0
X,Y,CentroidNumber
-0.9566209443977901,4.662472912243435,0.0
X,Y,CentroidNumber
-0.9266866069090994,4.659199313113564,0.0
X,Y,CentroidNumber
-0.9456884194822872,4.659391795887666,0.0
X,Y,CentroidNumber
-1.0946537653605144,4.694713910420735,0.0
X,Y,CentroidNumber
-0.9029494183404105,4.730196248917353,0.0
X,Y,CentroidNumber
-0.9162884884410434,4.738914834128486,0.0
X,Y,CentroidNumber
-0.854943010210991,4.701968431472778,0.0
X,Y,CentroidNumber
,,0.0
X,Y,CentroidNumber
,,0.0
X,Y,CentroidNumber
,,0.0
X,Y,CentroidNumber
,,0.0
X,Y,CentroidNumber
,,0.0
X,Y,CentroidNumber
,,0.0
X,Y,CentroidNumber
,,0.0
X,Y,CentroidNumber
,,0.0
X,Y,CentroidNumber
,,0.0
X,Y,CentroidNumber
,,0.0
X,Y,CentroidNumber
-0.9120532386004925,4.893905192613602,0.0
X,Y,CentroidNumber
,,0.0
X,Y,CentroidNumber
,,0.0
X,Y,CentroidNumber
,,0.0
X,Y,CentroidNumber
,,0.0
X,Y,CentroidNumber
,,0.0
X,Y,CentroidNumber
,,0.0
X,Y,CentroidNumber
,,0.0
X,Y,CentroidNumber
,,0.0
X,Y,CentroidNumber
,,0.0
X,Y,CentroidNumber
,,0.0
X,Y,CentroidNumber
,,0.0
X,Y,CentroidNumber
,,0.0
X,Y,CentroidNumber
,,0.0
X,Y,CentroidNumber
,,0.0
X,Y,CentroidNumber
,,0.0
X,Y,CentroidNumber
,,0.0
X,Y,CentroidNumber
,,0.0
X,Y,CentroidNumber
,,0.0
X,Y,CentroidNumber
,,0.0
X,Y,CentroidNumber
,,0.0
X,Y,CentroidNumber
,,0.0
X,Y,CentroidNumber
,,0.0
X,Y,CentroidNumber
,,0.0
X,Y,CentroidNumber
,,0.0
X,Y,CentroidNumber
,,0.0
X,Y,CentroidNumber
,,0.0
X,Y,CentroidNumber
,,0.0
X,Y,CentroidNumber
,,0.0
X,Y,CentroidNumber
,,0.0
X,Y,CentroidNumber
,,0.0
X,Y,CentroidNumber
,,0.0
X,Y,CentroidNumber
,,0.0
X,Y,CentroidNumber
,,0.0
X,Y,CentroidNumber
,,0.0
X,Y,CentroidNumber
,,0.0
X,Y,CentroidNumber
,,0.0
X,Y,CentroidNumber
,,0.0
X,Y,CentroidNumber
,,0.0
X,Y,CentroidNumber
,,0.0
X,Y,CentroidNumber
,,0.0
X,Y,CentroidNumber
,,0.0
X,Y,CentroidNumber
,,0.0
X,Y,CentroidNumber
,,0.0
X,Y,CentroidNumber
,,0.0
X,Y,CentroidNumber
,,0.0
X,Y,CentroidNumber
,,0.0
X,Y,CentroidNumber
,,0.0
X,Y,CentroidNumber
,,0.0
X,Y,CentroidNumber
,,0.0
X,Y,CentroidNumber
,,0.0
X,Y,CentroidNumber
,,0.0
X,Y,CentroidNumber
,,0.0
X,Y,CentroidNumber
,,0.0
X,Y,CentroidNumber
,,0.0
X,Y,CentroidNumber
,,0.0
X,Y,CentroidNumber
,,0.0
X,Y,CentroidNumber
,,0.0
X,Y,CentroidNumber
,,0.0
X,Y,CentroidNumber
,,0.0
X,Y,CentroidNumber
,,0.0
X,Y,CentroidNumber
,,0.0
X,Y,CentroidNumber
,,0.0
X,Y,CentroidNumber
,,0.0
X,Y,CentroidNumber
,,0.0
X,Y,CentroidNumber
,,0.0
X,Y,CentroidNumber
,,0.0
X,Y,CentroidNumber
,,0.0
X,Y,CentroidNumber
,,0.0
X,Y,CentroidNumber
,,0.0
X,Y,CentroidNumber
,,0.0
X,Y,CentroidNumber
,,0.0
X,Y,CentroidNumber
,,0.0
X,Y,CentroidNumber
,,0.0
X,Y,CentroidNumber
,,0.0
X,Y,CentroidNumber
,,0.0
X,Y,CentroidNumber
,,0.0
X,Y,CentroidNumber
,,0.0
X,Y,CentroidNumber
,,0.0
X,Y,CentroidNumber
,,0.0
X,Y,CentroidNumber
,,0.0
X,Y,CentroidNumber
0.6033676725167495,5.301850759066069,0.0
X,Y,CentroidNumber
,,0.0
X,Y,CentroidNumber
0.5251336932182312,5.241255402565002,0.0
X,Y,CentroidNumber
0.5978456873160142,5.253312477698693,0.0
X,Y,CentroidNumber
,,0.0
X,Y,CentroidNumber
,,0.0
X,Y,CentroidNumber
0.6919297575950623,5.255728085835774,0.0
X,Y,CentroidNumber
,,0.0
X,Y,CentroidNumber
,,0.0
X,Y,CentroidNumber
,,0.0
X,Y,CentroidNumber
,,0.0
X,Y,CentroidNumber
,,0.0
X,Y,CentroidNumber
,,0.0
X,Y,CentroidNumber
,,0.0
X,Y,CentroidNumber
,,0.0
X,Y,CentroidNumber
,,0.0
X,Y,CentroidNumber
,,0.0
X,Y,CentroidNumber
,,0.0
X,Y,CentroidNumber
,,0.0
X,Y,CentroidNumber
0.8531629112031724,5.106469260321723,0.0
X,Y,CentroidNumber
,,0.0
X,Y,CentroidNumber
,,0.0
X,Y,CentroidNumber
0.9269925415515899,5.094592094421387,0.0
X,Y,CentroidNumber
,,0.0
X,Y,CentroidNumber
1.0008283654848735,5.031503677368164,0.0
X,Y,CentroidNumber
,,0.0
X,Y,CentroidNumber
1.083264206846555,5.013699332873027,0.0
X,Y,CentroidNumber
1.099061610798041,5.085423191388448,0.0
X,Y,CentroidNumber
,,0.0
X,Y,CentroidNumber
1.1176110776987942,4.996688279238614,0.0
X,Y,CentroidNumber
,,0.0
X,Y,CentroidNumber
1.108660563826561,4.999420841534932,0.0
X,Y,CentroidNumber
1.152704942971468,5.034759938716888,0.0
X,Y,CentroidNumber
1.159636820617475,5.011203891352603,0.0
X,Y,CentroidNumber
,,0.0
X,Y,CentroidNumber
1.1538242101669312,4.948482036590576,0.0
X,Y,CentroidNumber
1.1792673445664918,4.9412356706765985,0.0
X,Y,CentroidNumber
1.219964256286621,4.909309425354004,0.0
X,Y,CentroidNumber
1.147867116663191,4.922933419545491,0.0
X,Y,CentroidNumber
1.215849181701397,4.886452181585904,0.0
X,Y,CentroidNumber
1.1690760227766903,4.8510870500044385,0.0
X,Y,CentroidNumber
1.200205778533762,4.879390781575983,0.0
X,Y,CentroidNumber
1.2445589701334636,4.833152770996094,0.0
X,Y,CentroidNumber
1.2611893363620923,4.870276057201883,0.0
X,Y,CentroidNumber
1.2317296550387429,4.806455271584647,0.0
X,Y,CentroidNumber
1.241941695029919,4.82125640526796,0.0
X,Y,CentroidNumber
1.225669995734566,4.800954894015663,0.0
X,Y,CentroidNumber
1.2713494074755702,4.744527668788515,0.0
X,Y,CentroidNumber
1.2387730891887958,4.763065790518736,0.0
X,Y,CentroidNumber
1.3115903515564769,4.726061494726884,0.0
X,Y,CentroidNumber
1.2334750890731812,4.670096569591099,0.0
X,Y,CentroidNumber
1.3545544252676123,4.652918535120347,0.0
X,Y,CentroidNumber
1.2972415296398863,4.683785029820034,0.0
X,Y,CentroidNumber
1.2996205687522888,4.651371002197266,0.0
X,Y,CentroidNumber
1.2340093727769523,4.583303418652765,0.0
X,Y,CentroidNumber
1.2576487619301369,4.589147797946272,0.0
X,Y,CentroidNumber
1.25863379240036,4.560264917520376,0.0
X,Y,CentroidNumber
1.2880903601646423,4.5346165384565085,0.0
X,Y,CentroidNumber
1.392516396262429,4.547505833885887,0.0
X,Y,CentroidNumber
1.4297473146156832,4.49991069056771,0.0
X,Y,CentroidNumber
1.3905740573599532,4.500901196454023,0.0
X,Y,CentroidNumber
1.4573571848314861,4.4456519415212234,0.0
X,Y,CentroidNumber
1.4042847474416098,4.4664951112535265,0.0
X,Y,CentroidNumber
1.392757707979621,4.426175291945294,0.0
X,Y,CentroidNumber
1.5331494283676148,4.380356206893921,0.0
X,Y,CentroidNumber
1.4763393849134445,4.381784987449646,0.0
X,Y,CentroidNumber
1.523952407969369,4.342084752188788,0.0
X,Y,CentroidNumber
1.6389265794020433,4.315756907829871,0.0
X,Y,CentroidNumber
1.647021189027903,4.3093520183952485,0.0
X,Y,CentroidNumber
1.617214467011246,4.313347825817034,0.0
X,Y,CentroidNumber
1.5186852253973484,4.272353440523148,0.0
X,Y,CentroidNumber
1.3775947590668995,4.231000363826752,0.0
X,Y,CentroidNumber
1.6472651958465576,4.221223292812224,0.0
X,Y,CentroidNumber
1.5227735073138506,4.204564247375879,0.0
X,Y,CentroidNumber
1.6800943513711293,4.174337753543147,0.0
X,Y,CentroidNumber
1.4333571725421481,4.176441642973158,0.0
X,Y,CentroidNumber
1.3872848175190113,4.0805876519944935,0.0
X,Y,CentroidNumber
1.341005109605335,4.055103324708485,0.0
X,Y,CentroidNumber
1.4736750214188188,4.069217814339532,0.0
X,Y,CentroidNumber
1.4461015318379258,3.9896486816984233,0.0
X,Y,CentroidNumber
1.7382121366613053,3.9943507138420555,0.0
X,Y,CentroidNumber
1.7038392424583435,3.9748554633835615,0.0
X,Y,CentroidNumber
1.5029943441522533,3.914925665690981,0.0
X,Y,CentroidNumber
1.4800352789461613,3.9321999897559485,0.0
X,Y,CentroidNumber
1.3814471593269935,3.846376116459186,0.0
X,Y,CentroidNumber
1.3644676987941449,3.8450588354697595,0.0
X,Y,CentroidNumber
1.2819478064775467,3.814154585202535,0.0
X,Y,CentroidNumber
1.3552097657631184,3.798468671996018,0.0
X,Y,CentroidNumber
1.4327096700668336,3.798874306678772,0.0
X,Y,CentroidNumber
1.4655975302060444,3.7792533901002674,0.0
X,Y,CentroidNumber
1.4183421325683594,3.6822843170166015,0.0
X,Y,CentroidNumber
1.387000166136643,3.7009507129932273,0.0
X,Y,CentroidNumber
1.4297693186792835,3.6369786755792024,0.0
X,Y,CentroidNumber
1.5392477326922946,3.6184033340877955,0.0
X,Y,CentroidNumber
1.5086424112319947,3.6179607050759452,0.0
X,Y,CentroidNumber
1.6251363550744407,3.5805045744267905,0.0
X,Y,CentroidNumber
1.537071684621415,3.596429671881334,0.0
X,Y,CentroidNumber
1.568752212039495,3.5995860625121554,0.0
X,Y,CentroidNumber
1.540176116503202,3.552231403497549,0.0
X,Y,CentroidNumber
1.5551597844986689,3.557919422785441,0.0
X,Y,CentroidNumber
1.5246604784675266,3.5505969524383545,0.0
X,Y,CentroidNumber
1.57212800071353,3.5410017513093495,0.0
X,Y,CentroidNumber
1.632646001709832,3.4979940997229684,0.0
X,Y,CentroidNumber
1.569339723057217,3.514287254545424,0.0
X,Y,CentroidNumber
1.5331297707050404,3.5251429943328207,0.0
X,Y,CentroidNumber
1.4900305949408432,3.5129467536663186,0.0
X,Y,CentroidNumber
1.4562674835324287,3.469679743051529,0.0
X,Y,CentroidNumber
1.4423594994422717,3.4687438439100218,0.0
X,Y,CentroidNumber
1.4418888464570045,3.483194982012113,0.0
X,Y,CentroidNumber
1.4055943896895962,3.50025160689103,0.0
X,Y,CentroidNumber
1.3685470446944237,3.4276108071208,0.0
X,Y,CentroidNumber
1.4070215970277786,3.357460133731365,0.0
X,Y,CentroidNumber
1.4000497797261113,3.3535165268441904,0.0
X,Y,CentroidNumber
1.3737766309217974,3.332160061055964,0.0
X,Y,CentroidNumber
1.3354902267456055,3.3323472686435864,0.0
X,Y,CentroidNumber
,,0.0
X,Y,CentroidNumber
,,0.0
X,Y,CentroidNumber
1.3678898692131043,3.303213620185852,0.0
X,Y,CentroidNumber
1.3016315008464612,3.3683434034648694,0.0
X,Y,CentroidNumber
1.3250514708067243,3.3422702864596716,0.0
X,Y,CentroidNumber
1.2794960339864094,3.366708993911743,0.0
X,Y,CentroidNumber
1.2909703254699707,3.3923150982175554,0.0
X,Y,CentroidNumber
1.2911967663537889,3.318071331296648,0.0
X,Y,CentroidNumber
1.3232498859104358,3.370864755228946,0.0
X,Y,CentroidNumber
,,0.0
X,Y,CentroidNumber
1.315667606535412,3.3511054402305964,0.0
X,Y,CentroidNumber
,,0.0
X,Y,CentroidNumber
1.3759182252381976,3.4193413257598877,0.0
X,Y,CentroidNumber
1.42978496985002,3.4783890030600806,0.0
X,Y,CentroidNumber
1.4361661305794349,3.515411982169518,0.0
X,Y,CentroidNumber
1.5009334286053975,3.509009983804491,0.0
X,Y,CentroidNumber
1.3886577595363965,3.5411766225641426,0.0
X,Y,CentroidNumber
1.4242420434951781,3.5659900307655334,0.0
X,Y,CentroidNumber
1.3994433226123932,3.588215720268988,0.0
X,Y,CentroidNumber
1.471835630280631,3.565261477515811,0.0
X,Y,CentroidNumber
1.4738827439454885,3.6082074550481944,0.0
X,Y,CentroidNumber
1.493207150492175,3.6098212291454446,0.0
X,Y,CentroidNumber
1.461360600861636,3.6297793063250454,0.0
X,Y,CentroidNumber
1.467270454939674,3.678531197940602,0.0
X,Y,CentroidNumber
1.4512118910040175,3.704262145927974,0.0
X,Y,CentroidNumber
1.4538975501882618,3.7545509338378906,0.0
X,Y,CentroidNumber
1.4536839510713304,3.728244883673532,0.0
X,Y,CentroidNumber
1.3836438908721462,3.79811616377397,0.0
X,Y,CentroidNumber
1.4069710546924221,3.793996895513227,0.0
X,Y,CentroidNumber
1.3782908245921135,3.8104277327656746,0.0
X,Y,CentroidNumber
1.4360533237457276,3.8149243036905927,0.0
X,Y,CentroidNumber
1.3536778291066487,3.829135457674662,0.0
X,Y,CentroidNumber
,,0.0
X,Y,CentroidNumber
1.3695884819688469,3.897134509579889,0.0
X,Y,CentroidNumber
,,0.0
X,Y,CentroidNumber
1.4856289657386574,4.0118015134656755,0.0
X,Y,CentroidNumber
1.495937669277191,3.9519212007522584,0.0
X,Y,CentroidNumber
1.4771242195909673,3.9945163943550805,0.0
X,Y,CentroidNumber
1.4035641025094425,3.9573730019962086,0.0
X,Y,CentroidNumber
1.431447229215077,4.040428348949978,0.0
X,Y,CentroidNumber
1.40187791260806,4.0900349183516065,0.0
X,Y,CentroidNumber
1.5307569595483632,4.147837412662995,0.0
X,Y,CentroidNumber
1.4777616328663297,4.199224187268151,0.0
X,Y,CentroidNumber
1.402676167159245,4.185294011543537,0.0
X,Y,CentroidNumber
1.553307103259223,4.194988199642727,0.0
X,Y,CentroidNumber
1.588116946220398,4.268760061264038,0.0
X,Y,CentroidNumber
1.4432399061418348,4.233560285260601,0.0
X,Y,CentroidNumber
1.6780303376061576,4.316187965626619,0.0
X,Y,CentroidNumber
1.5596474198734058,4.295535297954784,0.0
X,Y,CentroidNumber
1.7448253005743026,4.3558431506156925,0.0
X,Y,CentroidNumber
1.7770639856656392,4.28603466351827,0.0
X,Y,CentroidNumber
1.5337245847497667,4.339333176612854,0.0
X,Y,CentroidNumber
1.5998603986657185,4.364682456721431,0.0
X,Y,CentroidNumber
1.660594723163507,4.387598123305883,0.0
X,Y,CentroidNumber
1.6095891533226803,4.37874514481117,0.0
X,Y,CentroidNumber
1.5057151039441428,4.453123760223389,0.0
X,Y,CentroidNumber
1.5284183138892764,4.464538017908732,0.0
X,Y,CentroidNumber
1.3767325089823814,4.517538901298277,0.0
X,Y,CentroidNumber
1.3373822936644921,4.531540485528799,0.0
X,Y,CentroidNumber
1.4500136560863919,4.560986137390136,0.0
X,Y,CentroidNumber
1.410832744656187,4.54364571426854,0.0
X,Y,CentroidNumber
1.4263898713248118,4.562265777587891,0.0
X,Y,CentroidNumber
1.3556472857793171,4.596652053651356,0.0
X,Y,CentroidNumber
1.3539387298666912,4.573907022890837,0.0
X,Y,CentroidNumber
1.2874407633658378,4.555111946598176,0.0
X,Y,CentroidNumber
1.3390039867824979,4.562422725889418,0.0
X,Y,CentroidNumber
1.3579892726505505,4.651624216752894,0.0
X,Y,CentroidNumber
1.264367754970278,4.632039853504726,0.0
X,Y,CentroidNumber
1.3796097901132371,4.636654959784614,0.0
X,Y,CentroidNumber
1.3518067657947541,4.646486711502075,0.0
X,Y,CentroidNumber
1.3171029530073468,4.656839044470536,0.0
X,Y,CentroidNumber
1.2921404723198182,4.740111858614029,0.0
X,Y,CentroidNumber
1.291933580239614,4.777800019582113,0.0
X,Y,CentroidNumber
1.2647102167529445,4.820357691857122,0.0
X,Y,CentroidNumber
1.2385999642569443,4.8188151819952605,0.0
X,Y,CentroidNumber
1.2552852468057112,4.877610408898556,0.0
X,Y,CentroidNumber
1.2022312084833782,4.865316438674927,0.0
X,Y,CentroidNumber
1.2493370679708629,4.807498601766733,0.0
X,Y,CentroidNumber
1.2249066978693008,4.913079738616943,0.0
X,Y,CentroidNumber
1.3055420133375353,4.910979916972499,0.0
X,Y,CentroidNumber
1.319962527602911,4.898762211203575,0.0
X,Y,CentroidNumber
1.2154803601178257,4.8826774683865635,0.0
X,Y,CentroidNumber
1.2231014966964722,4.9099003076553345,0.0
X,Y,CentroidNumber
1.1538650810718536,4.876850748062134,0.0
X,Y,CentroidNumber
,,0.0
X,Y,CentroidNumber
1.1864718766439528,4.98159849076044,0.0
X,Y,CentroidNumber
1.15840993667471,4.984389009146855,0.0
X,Y,CentroidNumber
,,0.0
X,Y,CentroidNumber
,,0.0
X,Y,CentroidNumber
,,0.0
X,Y,CentroidNumber
,,0.0
X,Y,CentroidNumber
1.0897489090760548,5.04561726252238,0.0
X,Y,CentroidNumber
,,0.0
X,Y,CentroidNumber
,,0.0
X,Y,CentroidNumber
,,0.0
X,Y,CentroidNumber
,,0.0
X,Y,CentroidNumber
,,0.0
X,Y,CentroidNumber
0.8436169789897071,5.050286054611206,0.0
X,Y,CentroidNumber
0.817718330025673,5.052945160865784,0.0
X,Y,CentroidNumber
,,0.0
X,Y,CentroidNumber
,,0.0
X,Y,CentroidNumber
,,0.0
X,Y,CentroidNumber
,,0.0
X,Y,CentroidNumber
,,0.0
X,Y,CentroidNumber
,,0.0
X,Y,CentroidNumber
,,0.0
X,Y,CentroidNumber
,,0.0
X,Y,CentroidNumber
,,0.0
X,Y,CentroidNumber
,,0.0
X,Y,CentroidNumber
,,0.0
X,Y,CentroidNumber
,,0.0
X,Y,CentroidNumber
,,0.0
X,Y,CentroidNumber
,,0.0
X,Y,CentroidNumber
,,0.0
X,Y,CentroidNumber
,,0.0
X,Y,CentroidNumber
,,0.0
X,Y,CentroidNumber
,,0.0
X,Y,CentroidNumber
,,0.0
X,Y,CentroidNumber
,,0.0
X,Y,CentroidNumber
,,0.0
X,Y,CentroidNumber
,,0.0
X,Y,CentroidNumber
,,0.0
X,Y,CentroidNumber
,,0.0
X,Y,CentroidNumber
,,0.0
X,Y,CentroidNumber
,,0.0
X,Y,CentroidNumber
,,0.0
X,Y,CentroidNumber
,,0.0
X,Y,CentroidNumber
,,0.0
X,Y,CentroidNumber
,,0.0
X,Y,CentroidNumber
,,0.0
X,Y,CentroidNumber
,,0.0
X,Y,CentroidNumber
,,0.0
X,Y,CentroidNumber
,,0.0
X,Y,CentroidNumber
,,0.0
X,Y,CentroidNumber
,,0.0
X,Y,CentroidNumber
,,0.0
X,Y,CentroidNumber
,,0.0
X,Y,CentroidNumber
,,0.0
X,Y,CentroidNumber
,,0.0
X,Y,CentroidNumber
,,0.0
X,Y,CentroidNumber
,,0.0
X,Y,CentroidNumber
,,0.0
X,Y,CentroidNumber
,,0.0
X,Y,CentroidNumber
,,0.0
X,Y,CentroidNumber
,,0.0
X,Y,CentroidNumber
,,0.0
X,Y,CentroidNumber
,,0.0
X,Y,CentroidNumber
,,0.0
X,Y,CentroidNumber
,,0.0
X,Y,CentroidNumber
,,0.0
X,Y,CentroidNumber
,,0.0
X,Y,CentroidNumber
,,0.0
X,Y,CentroidNumber
,,0.0
X,Y,CentroidNumber
,,0.0
X,Y,CentroidNumber
,,0.0
X,Y,CentroidNumber
,,0.0
X,Y,CentroidNumber
,,0.0
X,Y,CentroidNumber
,,0.0
X,Y,CentroidNumber
,,0.0
X,Y,CentroidNumber
,,0.0
X,Y,CentroidNumber
,,0.0
X,Y,CentroidNumber
,,0.0
X,Y,CentroidNumber
,,0.0
X,Y,CentroidNumber
-0.6697389990091324,5.148408818244934,0.0
X,Y,CentroidNumber
,,0.0
X,Y,CentroidNumber
,,0.0
X,Y,CentroidNumber
-0.7356651147206624,5.072730922698975,0.0
X,Y,CentroidNumber
-0.7394083905220031,5.097303943634033,0.0
X,Y,CentroidNumber
-0.8316869338353475,5.0374534130096436,0.0
X,Y,CentroidNumber
,,0.0
X,Y,CentroidNumber
-0.749053880572319,5.049710988998413,0.0
X,Y,CentroidNumber
-0.7889363250949166,5.0103748278184375,0.0
X,Y,CentroidNumber
-0.9050680811588581,5.046557884949904,0.0
X,Y,CentroidNumber
-0.829102309126603,5.02179856049387,0.0
X,Y,CentroidNumber
-0.8361631575084868,4.967416536240351,0.0
X,Y,CentroidNumber
-0.8919195441099314,4.972578800641573,0.0
X,Y,CentroidNumber
-0.8838775455951691,4.969795087973277,0.0
X,Y,CentroidNumber
-0.9299862057931961,4.9755111971209125,0.0
X,Y,CentroidNumber
-0.9156081244863313,4.922797499031856,0.0
X,Y,CentroidNumber
-0.8979580565806358,4.916587691153249,0.0
X,Y,CentroidNumber
-0.9053332230140423,4.894031113591687,0.0
X,Y,CentroidNumber
-0.9236046897398459,4.911663068307413,0.0
X,Y,CentroidNumber
-0.9558470547199249,4.865358625139509,0.0
X,Y,CentroidNumber
-1.020902644842863,4.848014488816261,0.0
X,Y,CentroidNumber
-0.9976948387920856,4.834963873028755,0.0
X,Y,CentroidNumber
-1.020739632844925,4.803378367424012,0.0
X,Y,CentroidNumber
-0.9869270904644115,4.7880324415258455,0.0
X,Y,CentroidNumber
-1.1782349066601858,4.734569046232435,0.0
X,Y,CentroidNumber
-1.1410937663671132,4.701791338018469,0.0
X,Y,CentroidNumber
-1.2117028484741847,4.702924436993069,0.0
X,Y,CentroidNumber
-1.1815327627318246,4.666612093789237,0.0
X,Y,CentroidNumber
-1.1648109443485737,4.66703873872757,0.0
X,Y,CentroidNumber
-1.1872745239072375,4.644374450047811,0.0
X,Y,CentroidNumber
-1.1499320497879615,4.587876668343177,0.0
X,Y,CentroidNumber
-1.0868565418102123,4.560944186316596,0.0
X,Y,CentroidNumber
-1.094591771180813,4.563427063135,0.0
X,Y,CentroidNumber
-1.1602001536277033,4.576119484439973,0.0
X,Y,CentroidNumber
-1.1458821815829123,4.540280357483895,0.0
X,Y,CentroidNumber
-1.1139106622764043,4.470819132668631,0.0
X,Y,CentroidNumber
-1.142440707394571,4.483370347456499,0.0
X,Y,CentroidNumber
-1.1727479882538319,4.43093329668045,0.0
X,Y,CentroidNumber
-1.2314576116101494,4.428234116784457,0.0
X,Y,CentroidNumber
-1.217367696762085,4.342474787575858,0.0
X,Y,CentroidNumber
-1.1822902920634248,4.337465763092041,0.0
X,Y,CentroidNumber
-1.3120780670365622,4.328737003858699,0.0
X,Y,CentroidNumber
-1.19673175717655,4.284696880139802,0.0
X,Y,CentroidNumber
-1.218327226790976,4.236371923000254,0.0
X,Y,CentroidNumber
-1.242859511271767,4.231548889823582,0.0
X,Y,CentroidNumber
-1.1860811584874202,4.182346243607371,0.0
X,Y,CentroidNumber
-1.098346279727088,4.138865974214342,0.0
X,Y,CentroidNumber
-1.2980853766202927,4.149671511216597,0.0
X,Y,CentroidNumber
-1.2609283344165698,4.124201001347722,0.0
X,Y,CentroidNumber
-1.3195372533798218,4.086370120048523,0.0
X,Y,CentroidNumber
-1.1385884972719045,4.042323745214022,0.0
X,Y,CentroidNumber
-1.244136784564365,4.010544820265337,0.0
X,Y,CentroidNumber
-1.2674121111631393,3.983431252566251,0.0
X,Y,CentroidNumber
-1.248256596021874,3.934888113376706,0.0
X,Y,CentroidNumber
-1.2591755580394826,3.886137749286408,0.0
X,Y,CentroidNumber
-1.285966349202533,3.895638859549234,0.0
X,Y,CentroidNumber
-1.3903279021634893,3.874625638379889,0.0
X,Y,CentroidNumber
-1.3437202877468533,3.868795458475749,0.0
X,Y,CentroidNumber
-1.4380655586719513,3.852341618388891,0.0
X,Y,CentroidNumber
-1.2970115825533868,3.7577875554561615,0.0
X,Y,CentroidNumber
-1.5458327091258506,3.770657259484996,0.0
X,Y,CentroidNumber
-1.3335661008244468,3.7424349728084745,0.0
X,Y,CentroidNumber
-1.2293708307402476,3.6711411339896065,0.0
X,Y,CentroidNumber
-1.4426737582242046,3.6674863276658236,0.0
X,Y,CentroidNumber
-1.3740491408568163,3.6217524913641124,0.0
X,Y,CentroidNumber
-1.4320258015188678,3.5885680708391914,0.0
X,Y,CentroidNumber
-1.3658716782927514,3.567217010259628,0.0
X,Y,CentroidNumber
-1.3406010317175012,3.5083499142998145,0.0
X,Y,CentroidNumber
-1.374349091734205,3.4861988567170643,0.0
X,Y,CentroidNumber
-1.394501645035214,3.4669991811116536,0.0
X,Y,CentroidNumber
-1.2947136791976723,3.43672353512532,0.0
X,Y,CentroidNumber
-1.3125240879181104,3.4034628806970058,0.0
X,Y,CentroidNumber
-1.403031111773798,3.3830081446696134,0.0
X,Y,CentroidNumber
-1.4416704987579922,3.3422268876489603,0.0
X,Y,CentroidNumber
-1.212505802914903,3.2815015960384057,0.0
X,Y,CentroidNumber
-1.461527661917961,3.2666334811955284,0.0
X,Y,CentroidNumber
-1.3556239719574268,3.2198383716436534,0.0
X,Y,CentroidNumber
-1.3515787613391876,3.183795189857483,0.0
X,Y,CentroidNumber
-1.4842831283284907,3.166746503428409,0.0
X,Y,CentroidNumber
-1.5222913681621282,3.1200382272962113,0.0
X,Y,CentroidNumber
-1.5100143345919523,3.103062798760154,0.0
X,Y,CentroidNumber
-1.4707307585498743,3.083774395156325,0.0
X,Y,CentroidNumber
-1.4486807962258657,3.011531341075897,0.0
X,Y,CentroidNumber
-1.5136810852133709,3.0003518902737163,0.0
X,Y,CentroidNumber
-1.634363018697308,2.9807199201276227,0.0
X,Y,CentroidNumber
-1.517524818579356,2.94732133547465,0.0
X,Y,CentroidNumber
-1.5713989936699302,2.9243530338093384,0.0
X,Y,CentroidNumber
-1.5937128029763699,2.9100614115595818,0.0
X,Y,CentroidNumber
-1.532448830207189,2.8795727769533794,0.0
X,Y,CentroidNumber
-1.522504000230269,2.832045043598522,0.0
X,Y,CentroidNumber
-1.5289501949232451,2.8181890808806127,0.0
X,Y,CentroidNumber
-1.5039245930123837,2.811595231928724,0.0
X,Y,CentroidNumber
-1.5196111130714416,2.7731838989257813,0.0
X,Y,CentroidNumber
-1.664393630097894,2.7392980210921345,0.0
X,Y,CentroidNumber
-1.5632771795446223,2.7299882888793947,0.0
X,Y,CentroidNumber
-1.4385086487640033,2.672392335805026,0.0
X,Y,CentroidNumber
-1.4769140425182523,2.673273071410164,0.0
X,Y,CentroidNumber
-1.518768780371722,2.6211770562564625,0.0
X,Y,CentroidNumber
-1.566387351008429,2.6002929037895757,0.0
X,Y,CentroidNumber
-1.453676428794861,2.5739668130874636,0.0
X,Y,CentroidNumber
-1.427007268025325,2.548246666101309,0.0
X,Y,CentroidNumber
-1.3680118004480997,2.530224394798279,0.0
X,Y,CentroidNumber
-1.3974480447122606,2.5131096880314714,0.0
X,Y,CentroidNumber
-1.4317727056997163,2.4862845752920424,0.0
X,Y,CentroidNumber
-1.3306203683217366,2.440184263955979,0.0
X,Y,CentroidNumber
-1.3637705185474494,2.4349737473023243,0.0
X,Y,CentroidNumber
-1.3423396685184577,2.4426197149814706,0.0
X,Y,CentroidNumber
-1.3073773354291915,2.328752863407135,0.0
X,Y,CentroidNumber
-1.3589917421340942,2.328207639937705,0.0
X,Y,CentroidNumber
-1.248393680991196,2.2764766070900895,0.0
X,Y,CentroidNumber
-1.3079267604010445,2.2596299954823085,0.0
X,Y,CentroidNumber
-1.3764117074012756,2.2569782876968385,0.0
X,Y,CentroidNumber
-1.3935441487544291,2.215773936864492,0.0
X,Y,CentroidNumber
-1.416597619652748,2.204775881022215,0.0
X,Y,CentroidNumber
-1.3602601431664967,2.1495846935680936,0.0
X,Y,CentroidNumber
-1.3632434464636303,2.147733679839543,0.0
X,Y,CentroidNumber
-1.3354531129201253,2.081285142431072,0.0
X,Y,CentroidNumber
-1.2693517689521496,2.0673120572016788,0.0
X,Y,CentroidNumber
-1.3870990519620934,2.085476425229287,0.0
X,Y,CentroidNumber
-1.345439368060657,2.0371207680021013,0.0
X,Y,CentroidNumber
-1.290594336463184,2.036051910098006,0.0
X,Y,CentroidNumber
-1.2879692975963866,2.032419496348926,0.0
X,Y,CentroidNumber
-1.311385260687934,1.9429011636310154,0.0
X,Y,CentroidNumber
-1.236987974374525,1.9613045127161088,0.0
X,Y,CentroidNumber
-1.162776560199504,1.8647521150355437,0.0
X,Y,CentroidNumber
-1.189797131788163,1.9085251925483582,0.0
X,Y,CentroidNumber
-1.1810455644452893,1.8571772672034599,0.0
X,Y,CentroidNumber
-1.1660426184535027,1.8526199733217557,0.0
X,Y,CentroidNumber
-1.158333732187748,1.8628589987754822,0.0
X,Y,CentroidNumber
-1.0962867058959662,1.8244861738354552,0.0
X,Y,CentroidNumber
-1.1193822875618935,1.7860550791025163,0.0
X,Y,CentroidNumber
-1.0211684902509053,1.723679518699646,0.0
X,Y,CentroidNumber
-1.0161828505141395,1.6677604189940862,0.0
X,Y,CentroidNumber
-1.0510656833648682,1.7449169570002063,0.0
X,Y,CentroidNumber
-1.0298050183516283,1.5988536706337562,0.0
X,Y,CentroidNumber
-1.0204332343169622,1.5785363444260188,0.0
X,Y,CentroidNumber
-1.0477702342546904,1.5541596779456506,0.0
X,Y,CentroidNumber
-1.0809241324663161,1.600315272808075,0.0
X,Y,CentroidNumber
-1.0456158501761301,1.544660564831325,0.0
X,Y,CentroidNumber
-1.0359980084679343,1.5152607289227573,0.0
X,Y,CentroidNumber
-1.0347497247987323,1.5246530307663813,0.0
X,Y,CentroidNumber
-1.0844180919229984,1.5671994425356388,0.0
X,Y,CentroidNumber
-1.022445023059845,1.514004916980349,0.0
X,Y,CentroidNumber
-0.9733493899305662,1.5079547017812729,0.0
X,Y,CentroidNumber
,,0.0
X,Y,CentroidNumber
-0.9284338589870569,1.481581283338142,0.0
X,Y,CentroidNumber
-0.9151723240983898,1.478187552813826,0.0
X,Y,CentroidNumber
-0.9133847157160441,1.4510819017887115,0.0
X,Y,CentroidNumber
-0.8684164771908208,1.4170755555755215,0.0
X,Y,CentroidNumber
-0.8637257053934294,1.4012989134624088,0.0
X,Y,CentroidNumber
-0.814510585932896,1.415075236353381,0.0
X,Y,CentroidNumber
-0.8124247392018636,1.4365183398837136,0.0
X,Y,CentroidNumber
-0.7488480943899888,1.3707762681520903,0.0
X,Y,CentroidNumber
-0.7542250752449036,1.4458421363550074,0.0
X,Y,CentroidNumber
-0.7560780871482122,1.4384177696137201,0.0
X,Y,CentroidNumber
-0.7212637105295735,1.4417674541473389,0.0
X,Y,CentroidNumber
-0.7119322787312901,1.4542842226869919,0.0
X,Y,CentroidNumber
-0.70364682163511,1.383461790425437,0.0
X,Y,CentroidNumber
-0.6497355518133744,1.3787893212359885,0.0
X,Y,CentroidNumber
-0.7117036237166479,1.4182202036564167,0.0
X,Y,CentroidNumber
-0.6462910532951355,1.4475006937980652,0.0
X,Y,CentroidNumber
-0.6104634445289085,1.415920508318934,0.0
X,Y,CentroidNumber
-0.584288167682561,1.3477900515903125,0.0
X,Y,CentroidNumber
-0.5465261060744524,1.2855190634727478,0.0
X,Y,CentroidNumber
-0.5857846681718473,1.3434684055822868,0.0
X,Y,CentroidNumber
,,0.0
