Range DKF,Range RKF,Absolute Value Error,Comments,RMSE Error,0.493572075
2.13504903,2.099425793,0.035623237,,,
2.137714509,2.102184534,0.035529975,,,
2.140379989,2.104943275,0.035436713,,,
2.143045468,2.107702017,0.035343452,,,
2.145710948,2.110460758,0.03525019,,,
2.148376427,2.1132195,0.035156928,,,
2.151041907,2.115978241,0.035063666,,,
2.153707386,2.118736982,0.034970404,,,
2.156372866,2.121495724,0.034877142,,,
2.894835415,2.855380058,0.039455357,,,
3.220229439,3.190412521,0.029816918,,,
3.224215277,3.197352409,0.026862868,,,
3.442824126,3.425112724,0.017711402,,,
3.527086765,3.517552614,0.009534151,,,
3.530676242,3.527545214,0.003131028,,,
3.525753865,3.526720285,0.00096642,,,
3.580640553,3.583445311,0.002804758,,,
3.58504479,3.593566418,0.008521627,,,
3.552453115,3.559510231,0.007057116,,,
3.595988195,3.602037668,0.006049473,,,
3.614692891,3.620245695,0.005552804,,,
3.614659141,3.620127201,0.00546806,,,
3.588942413,3.594551563,0.00560915,,,
3.588238344,3.593594313,0.005355969,,,
3.566877505,3.571991205,0.0051137,,,
3.564692612,3.569396019,0.004703407,,,
3.5477765,3.552120209,0.004343709,,,
3.52523363,3.529120207,0.003886577,,,
3.534073326,3.537414312,0.003340986,,,
3.509984017,3.513096094,0.003112077,,,
3.540509761,3.543189526,0.002679765,,,
3.527974169,3.530529976,0.002555807,,,
3.462779165,3.465052605,0.00227344,,,
3.453726812,3.455204487,0.001477674,,,
3.474721593,3.475642443,0.000920849,,,
3.469270627,3.469906569,0.000635942,,,
3.455276446,3.455653191,0.000376744,,,
3.421765259,3.421824455,5.9196E-05,,,
3.418610513,3.418295622,0.000314891,,,
3.422219001,3.421558857,0.000660144,,,
3.411749496,3.410814524,0.000934973,,,
3.363034354,3.36171031,0.001324044,,,
3.373273087,3.371461153,0.001811934,,,
3.353963027,3.351832867,0.00213016,,,
3.319832485,3.317372561,0.002459925,,,
3.322702476,3.319906235,0.002796241,,,
3.282927865,3.279839277,0.003088588,,,
3.281086045,3.277674913,0.003411132,,,
3.247591215,3.243806601,0.003784614,,,
3.217218882,3.212900877,0.004318005,,,
3.199544463,3.1947999,0.004744563,,,
3.151889017,3.146650791,0.005238226,,,
3.1521569,3.146420717,0.005736183,,,
3.09710791,3.090827942,0.006279968,,,
3.115136723,3.108471632,0.006665091,,,
3.100675307,3.093899965,0.006775342,,,
3.072576311,3.06569314,0.006883171,,,
3.047423619,3.04043746,0.006986159,,,
3.033964375,3.026926994,0.007037381,,,
3.019370385,3.012317419,0.007052966,,,
2.95107564,2.94377327,0.007302371,,,
2.957467391,2.949844837,0.007622554,,,
2.926180483,2.918363571,0.007816912,,,
2.907996004,2.89998126,0.008014744,,,
2.898795594,2.890623331,0.008172263,,,
2.831854666,2.823315382,0.008539284,,,
2.796229833,2.787163734,0.009066098,,,
2.759974442,2.750409842,0.0095646,,,
2.737766544,2.727777481,0.009989063,,,
2.741520947,2.731434822,0.010086125,,,
2.678541077,2.668367386,0.010173691,,,
2.669321688,2.658973932,0.010347756,,,
2.637543394,2.627123594,0.010419799,,,
2.548773009,2.537882328,0.010890681,,,
2.533588361,2.522155046,0.011433314,,,
2.508789176,2.497033119,0.011756057,,,
2.434293056,2.422001362,0.012291694,,,
2.411854487,2.398921728,0.012932759,,,
2.396607018,2.383269787,0.013337232,,,
2.362419141,2.348804474,0.013614667,,,
2.344411858,2.330663681,0.013748177,,,
2.282887364,2.268912315,0.013975049,,,
2.286535845,2.272371531,0.014164314,,,
2.249039368,2.234780312,0.014259057,,,
2.197044706,2.182574987,0.014469718,,,
2.191920623,2.177304506,0.014616116,,,
2.116361215,2.101439476,0.014921739,,,
2.058675054,2.043299437,0.015375617,,,
1.990067202,1.974263668,0.015803534,,,
1.971688627,1.955588579,0.016100048,,,
1.992547537,1.976405382,0.016142155,,,
1.961083843,1.94501543,0.016068413,,,
1.92125968,1.905090094,0.016169586,,,
1.900932224,1.884614944,0.016317279,,,
1.874372364,1.857960582,0.016411782,,,
1.890651531,1.874362707,0.016288824,,,
1.83707354,1.820907116,0.016166424,,,
1.783867485,1.767708898,0.016158587,,,
1.73055744,1.714207888,0.016349553,,,
1.762125338,1.745693088,0.01643225,,,
1.697570361,1.681002736,0.016567625,,,
1.69556079,1.678708076,0.016852714,,,
1.624778414,1.607579112,0.017199302,,,
1.585292094,1.567645907,0.017646187,,,
1.563548839,1.545460343,0.018088495,,,
1.568127125,1.549736977,0.018390149,,,
1.549326277,1.530785918,0.018540359,,,
1.518264586,1.499578357,0.018686229,,,
1.529389142,1.510690451,0.018698691,,,
1.492055698,1.473528862,0.018526836,,,
1.462903882,1.444485426,0.018418456,,,
1.456904971,1.438458443,0.018446529,,,
1.438856875,1.420327663,0.018529212,,,
1.362266415,1.343248367,0.019018048,,,
1.368994303,1.349537492,0.019456811,,,
1.352158731,1.332558274,0.019600456,,,
1.35340246,1.306868672,0.046533788,,,
1.338405647,1.308921218,0.029484429,,,
1.362855911,1.338663816,0.024192094,,,
1.336308488,1.315022469,0.02128602,,,
1.337526233,1.293163419,0.044362815,,,
1.338743979,1.271304369,0.06743961,,,
1.339961724,1.249445319,0.090516405,,,
1.341179469,1.227586269,0.1135932,,,
1.342397214,1.20572722,0.136669995,,,
1.343614959,1.18386817,0.15974679,,,
1.344832705,1.16200912,0.182823585,Unsure what causes this error could be prediction,,
1.34605045,1.14015007,0.20590038,,,
1.347268195,1.11829102,0.228977175,,,
1.426472055,1.32441771,0.102054345,,,
1.372858231,1.313161731,0.0596965,,,
1.378359933,1.340115666,0.038244266,,,
1.411501409,1.384531498,0.026969912,,,
1.399366332,1.378396511,0.020969821,,,
1.401564042,1.383746624,0.017817418,,,
1.409341476,1.393361211,0.015980265,,,
1.423230338,1.408260703,0.014969635,,,
1.43365368,1.419325471,0.014328209,,,
1.434964967,1.415849566,0.019115401,,,
1.456210836,1.43585062,0.020360216,,,
1.457547011,1.433477044,0.024069967,,,
1.458883186,1.431103468,0.027779718,,,
1.46021936,1.428729892,0.031489469,,,
1.574708623,1.539851069,0.034857554,,,
1.565585369,1.542899966,0.022685403,,,
1.567049574,1.54594481,0.021104764,,,
1.618084743,1.596801877,0.021282866,,,
1.619610835,1.602122068,0.017488767,,,
1.621136927,1.60744226,0.013694667,,,
1.693492665,1.669509292,0.023983374,,,
1.695107184,1.677533269,0.017573915,,,
1.696721702,1.685557246,0.011164456,,,
1.69833622,1.693581223,0.004754997,,,
1.699950738,1.701605201,0.001654462,,,
1.701565257,1.709629178,0.008063921,,,
1.703179775,1.717653155,0.014473381,,,
1.704794293,1.725677133,0.02088284,,,
1.706408811,1.73370111,0.027292299,,,
1.70802333,1.741725087,0.033701758,,,
1.709637848,1.749749064,0.040111217,,,
1.711252366,1.757773042,0.046520676,,,
1.712866884,1.765797019,0.052930135,,,
1.714481402,1.773820996,0.059339594,,,
2.151787734,2.087410927,0.064376807,,,
2.153946187,2.109863281,0.044082905,,,
2.15610464,2.132315636,0.023789004,,,
2.158263093,2.15476799,0.003495103,,,
2.160421546,2.177220345,0.016798799,,,
2.162579999,2.199672699,0.0370927,,,
2.164738452,2.222125053,0.057386601,,,
2.166896905,2.244577408,0.077680503,,,
2.169055358,2.267029762,0.097974404,,,
2.171213811,2.289482117,0.118268305,,,
2.173372264,2.311934471,0.138562207,,,
2.413408253,2.391141653,0.0222666,,,
2.637692272,2.631916761,0.005775511,,,
2.64931216,2.653311491,0.003999331,,,
2.694696444,2.704240322,0.009543878,,,
2.709609913,2.722084522,0.012474609,,,
2.712421739,2.756409645,0.043987906,,,
2.715233564,2.790734768,0.075501204,,,
2.71804539,2.825059891,0.107014501,,,
2.720857215,2.859385014,0.138527799,,,
2.72366904,2.893710136,0.170041096,,,
2.784529492,2.836720228,0.052190736,,,
2.787413787,2.866621733,0.079207945,,,
2.790298083,2.896523237,0.106225154,,,
2.94888336,2.997288465,0.048405106,,,
2.951962039,3.030607224,0.078645185,,,
3.102681041,3.142579794,0.039898753,,,
3.118714306,3.146819353,0.028105047,,,
3.107256599,3.129260778,0.022004179,,,
3.136481227,3.155183792,0.018702565,,,
3.139774186,3.187808037,0.048033851,,,
3.143067144,3.220432281,0.077365137,,,
3.146360103,3.253056526,0.106696423,,,
3.149653061,3.285680771,0.13602771,,,
3.15294602,3.318305016,0.165358996,,,
3.156238978,3.35092926,0.194690282,,,
3.159531937,3.383553505,0.224021568,,,
3.162824895,3.41617775,0.253352854,,,
3.166117854,3.448801994,0.28268414,,,
3.169410813,3.481426239,0.312015426,,,
3.172703771,3.514050484,0.341346713,,,
3.17599673,3.546674728,0.370677999,,,
3.179289688,3.579298973,0.400009285,,,
3.182582647,3.611923218,0.429340571,,,
3.185875605,3.644547462,0.458671857,,,
3.189168564,3.677171707,0.488003143,,,
3.192461522,3.709795952,0.51733443,,,
3.195754481,3.742420197,0.546665716,,,
3.199047439,3.775044441,0.575997002,,,
3.202340398,3.807668686,0.605328288,,,
3.205633356,3.840292931,0.634659574,,,
3.208926315,3.872917175,0.66399086,,,
3.212219273,3.90554142,0.693322147,Prediction Error which the next measurement corrects,,
3.777570506,3.970162153,0.192591648,,,
3.78156516,4.004282475,0.222717315,,,
3.904352089,4.01682663,0.112474541,,,
4.023803687,4.08819437,0.064390684,,,
4.028090602,4.123105049,0.095014447,,,
4.032377517,4.158015728,0.125638211,,,
4.036664432,4.192926407,0.156261975,,,
4.19920142,4.264533043,0.065331623,,,
4.216627313,4.257494926,0.040867613,,,
4.268657555,4.297186852,0.028529297,,,
4.329872707,4.352322578,0.022449871,,,
4.36496428,4.3844347,0.01947042,,,
4.368746818,4.386578083,0.017831265,,,
4.448148978,4.465199471,0.017050493,,,
4.462518012,4.479144573,0.016626561,,,
4.502185292,4.518559456,0.016374164,,,
4.582838406,4.599353313,0.016514908,,,
4.598512266,4.615168095,0.016655828,,,
4.625163881,4.641744614,0.016580732,,,
4.603016791,4.619216919,0.016200128,,,
4.629701545,4.645503044,0.015801499,,,
4.691012451,4.706644058,0.015631608,,,
4.707170697,4.722697735,0.015527038,,,
4.749615125,4.765031338,0.015416213,,,
4.754691186,4.798798561,0.044107375,,,
4.759767248,4.832565784,0.072798537,,,
4.789364935,4.819873333,0.030508398,,,
4.753323898,4.775898457,0.022574559,,,
4.880962015,4.899559975,0.018597959,,,
4.886170357,4.93207407,0.045903713,,,
4.891378699,4.964588165,0.073209467,,,
4.89658704,4.997102261,0.10051522,,,
4.901795382,5.029616356,0.127820974,,,
4.916652016,4.962483883,0.045831867,,,
5.005890547,5.035550117,0.029659571,,,
5.021983081,5.043438911,0.02145583,,,
5.048757317,5.06600523,0.017247913,,,
5.008173237,5.023160934,0.014987698,,,
5.007685863,5.021301746,0.013615884,,,
5.033416455,5.046206951,0.012790496,,,
5.069198488,5.08154726,0.012348772,,,
5.074562897,5.10598135,0.031418453,,,
5.058210177,5.076053143,0.017842966,,,
5.063547473,5.097875595,0.034328122,,,
5.086500688,5.10635376,0.019853071,,,
5.091859977,5.12755537,0.035695394,,,
5.097219265,5.148756981,0.051537716,,,
5.102578554,5.169958591,0.067380038,,,
5.107937842,5.191160202,0.08322236,,,
5.11329713,5.212361813,0.099064682,,,
5.118656419,5.233563423,0.114907004,,,
5.124015707,5.254765034,0.130749326,,,
5.129374996,5.275966644,0.146591649,,,
5.134734284,5.297168255,0.162433971,,,
5.140093573,5.318369865,0.178276293,,,
5.145452861,5.339571476,0.194118615,,,
5.150812149,5.360773087,0.209960937,,,
5.156171438,5.381974697,0.225803259,,,
5.161530726,5.403176308,0.241645581,,,
5.166890015,5.424377918,0.257487904,,,
5.172249303,5.445579529,0.273330226,,,
5.177608592,5.466781139,0.289172548,,,
5.18296788,5.48798275,0.30501487,,,
5.188327168,5.509184361,0.320857192,,,
5.193686457,5.530385971,0.336699514,,,
5.199045745,5.551587582,0.352541836,,,
5.204405034,5.572789192,0.368384159,,,
5.209764322,5.593990803,0.384226481,,,
5.21512361,5.615192413,0.400068803,,,
5.220482899,5.636394024,0.415911125,,,
5.225842187,5.657595634,0.431753447,,,
5.231201476,5.678797245,0.447595769,,,
5.236560764,5.699998856,0.463438091,,,
5.241920053,5.721200466,0.479280414,,,
5.247279341,5.742402077,0.495122736,,,
5.252638629,5.763603687,0.510965058,,,
5.257997918,5.784805298,0.52680738,,,
5.263357206,5.806006908,0.542649702,,,
5.268716495,5.827208519,0.558492024,,,
5.274075783,5.84841013,0.574334346,,,
5.279435072,5.86961174,0.590176669,,,
5.28479436,5.890813351,0.606018991,,,
5.290153648,5.912014961,0.621861313,,,
5.295512937,5.933216572,0.637703635,,,
5.300872225,5.954418182,0.653545957,,,
5.306231514,5.975619793,0.669388279,,,
5.311590802,5.996821404,0.685230601,,,
5.31695009,6.018023014,0.701072924,,,
5.322309379,6.039224625,0.716915246,,,
5.327668667,6.060426235,0.732757568,,,
5.333027956,6.081627846,0.74859989,,,
5.338387244,6.102829456,0.764442212,,,
5.343746533,6.124031067,0.780284534,,,
5.349105821,6.145232677,0.796126856,,,
5.354465109,6.166434288,0.811969179,,,
5.359824398,6.187635899,0.827811501,,,
5.365183686,6.208837509,0.843653823,,,
5.370542975,6.23003912,0.859496145,,,
5.375902263,6.25124073,0.875338467,,,
5.381261551,6.272442341,0.891180789,,,
5.38662084,6.293643951,0.907023112,,,
5.391980128,6.314845562,0.922865434,,,
5.397339417,6.336047173,0.938707756,,,
5.402698705,6.357248783,0.954550078,,,
5.408057994,6.378450394,0.9703924,,,
5.413417282,6.399652004,0.986234722,,,
5.41877657,6.420853615,1.002077044,,,
5.424135859,6.442055225,1.017919367,,,
5.429495147,6.463256836,1.033761689,,,
5.434854436,6.484458447,1.049604011,Outside range - Prediction error will not be present when box is applied,,
5.440213724,6.505660057,1.065446333,,,
5.445573013,6.526861668,1.081288655,,,
5.028279427,5.389861584,0.361582157,,,
5.033111058,5.355493546,0.322382487,,,
5.03794269,5.321125507,0.283182817,,,
5.042774322,5.286757469,0.243983147,,,
5.047605954,5.252389431,0.204783477,,,
5.052437586,5.218021393,0.165583807,,,
5.027332341,5.182411194,0.155078853,,,
4.991913791,5.060400963,0.068487172,,,
4.994163016,5.018126965,0.023963948,,,
4.951420613,4.952550411,0.001129798,,,
4.925201808,4.9146595,0.010542308,,,
4.904703285,4.888370514,0.016332771,,,
4.881563009,4.862426758,0.019136251,,,
4.841815581,4.821267128,0.020548453,,,
4.821158923,4.800003529,0.021155394,,,
4.785683863,4.764360428,0.021323436,,,
4.782605454,4.761659622,0.020945831,,,
4.760732965,4.740321159,0.020411806,,,
4.766377329,4.746578217,0.019799113,,,
4.737937995,4.718813419,0.019124575,,,
4.689379923,4.67061758,0.018762342,,,
4.699888062,4.681529522,0.01835854,,,
4.716608927,4.699162483,0.017446444,,,
4.619874376,4.602762699,0.017111677,,,
4.553784223,4.536207199,0.017577024,,,
4.532893397,4.51497364,0.017919756,,,
4.528704005,4.511011124,0.017692882,,,
4.523191649,4.505986214,0.017205435,,,
4.466722213,4.449691772,0.01703044,,,
4.456863844,4.439949036,0.016914808,,,
4.411519856,4.394632816,0.016887039,,,
4.43727229,4.420701504,0.016570786,,,
4.410639043,4.39455986,0.016079183,,,
4.369371837,4.353541374,0.015830463,,,
4.316044228,4.300144196,0.015900033,,,
4.322206334,4.306400776,0.015805558,,,
4.316130393,4.300657749,0.015472644,,,
4.304724882,4.28968668,0.015038202,,,
4.308452303,4.262869835,0.045582468,,,
4.18543709,4.163166523,0.022270567,,,
4.130866034,4.11162138,0.019244655,,,
4.09868251,4.080747604,0.017934905,,,
4.114595805,4.097617149,0.016978655,,,
4.08127574,4.065101147,0.016174593,,,
4.055140696,4.039507866,0.01563283,,,
4.040257466,4.025137901,0.015119564,,,
4.035178416,4.020541191,0.014637225,,,
3.987335358,3.972989321,0.014346037,,,
3.976359894,3.96219039,0.014169504,,,
3.958311958,3.944411278,0.01390068,,,
3.966826,3.953408241,0.013417759,,,
3.941845391,3.928903341,0.01294205,,,
3.880326052,3.867447615,0.012878437,,,
3.819406582,3.806214333,0.01319225,,,
3.794721984,3.781183958,0.013538026,,,
3.711203368,3.697090149,0.014113219,,,
3.670080686,3.655186653,0.014894033,,,
3.631630559,3.616074085,0.015556473,,,
3.589549371,3.573569059,0.015980312,,,
3.58824923,3.572210312,0.016038918,,,
3.56320966,3.547211885,0.015997775,,,
3.548362416,3.532515049,0.015847367,,,
3.463540526,3.447488308,0.016052218,,,
3.491370111,3.475256205,0.016113907,,,
3.452454311,3.436643839,0.015810472,,,
3.42266281,3.407015324,0.015647486,,,
3.38859492,3.373011351,0.015583569,,,
3.338139307,3.322557926,0.015581381,,,
3.290909828,3.275227785,0.015682043,,,
3.236810881,3.220882893,0.015927988,,,
3.261787237,3.24584651,0.015940727,,,
3.240598773,3.224964142,0.015634631,,,
3.179205568,3.163670063,0.015535505,,,
3.147486261,3.131897926,0.015588335,,,
3.121689055,3.106076002,0.015613053,,,
3.098498995,3.082980871,0.015518124,,,
3.088613974,3.073300123,0.015313851,,,
2.997756619,2.982313395,0.015443224,,,
2.99709794,2.981436968,0.015660972,,,
2.973523145,2.957913876,0.015609269,,,
2.919954092,2.904379845,0.015574247,,,
2.907366655,2.891934633,0.015432022,,,
2.869958964,2.854701519,0.015257445,,,
2.857679167,2.842594385,0.015084782,,,
2.818149113,2.803234577,0.014914536,,,
2.775438544,2.7604568,0.014981744,,,
2.711954166,2.696567297,0.015386869,,,
2.718161705,2.702594519,0.015567186,,,
2.633702222,2.61788106,0.015821163,,,
2.600390725,2.584171295,0.016219429,,,
2.591873723,2.575533628,0.016340094,,,
2.544427705,2.528108358,0.016319347,,,
2.481495858,2.465028286,0.016467572,,,
2.47037718,2.453764439,0.016612741,,,
2.398791907,2.381924868,0.016867039,,,
2.383011089,2.366002798,0.017008291,,,
2.377619508,2.360911608,0.0167079,,,
2.3406524,2.324423313,0.016229087,,,
2.318687489,2.30292058,0.015766909,,,
2.278232072,2.26267767,0.015554403,,,
2.216637709,2.200977325,0.015660384,,,
2.229506956,2.21381712,0.015689837,,,
2.185785498,2.170073271,0.015712227,,,
2.19819457,2.182673693,0.015520878,,,
2.150580673,2.135332823,0.01524785,,,
2.08234533,2.067065001,0.01528033,,,
2.057075769,2.041638851,0.015436918,,,
1.98250844,1.966601968,0.015906472,,,
1.967984276,1.951567173,0.016417103,,,
1.942306092,1.92569685,0.016609242,,,
1.921627386,1.904946685,0.016680702,,,
1.874413822,1.85760498,0.016808841,,,
1.824133937,1.807162285,0.016971652,,,
1.847180701,1.83023262,0.016948081,,,
1.796811061,1.779932857,0.016878205,,,
1.748107132,1.731139779,0.016967353,,,
1.723990045,1.706819057,0.017170988,,,
1.722201607,1.704928637,0.017272971,,,
1.673630416,1.656303406,0.01732701,,,
1.635683868,1.618222594,0.017461274,,,
1.564799179,1.546995044,0.017804135,,,
1.530658371,1.512448192,0.018210179,,,
1.530721637,1.47826004,0.052461597,,,
1.530784903,1.444071889,0.086713014,,,
1.517311949,1.480246425,0.037065524,,,
1.426018515,1.398248076,0.027770439,,,
1.420885634,1.397773504,0.02311213,,,
1.40442835,1.383735299,0.020693051,,,
1.327623095,1.307891965,0.01973113,,,
1.365305797,1.346011639,0.019294158,,,
1.317260598,1.298124552,0.019136047,,,
1.292442152,1.273209333,0.019232819,,,
1.289672719,1.270398855,0.019273863,,,
1.289436089,1.241615295,0.047820794,,,
1.289199459,1.212831736,0.076367724,,,
1.325318591,1.286973834,0.038344757,,,
1.284915759,1.256334424,0.028581335,,,
1.284674315,1.232224464,0.052449851,,,
1.284432872,1.208114505,0.076318367,,,
1.284191429,1.184004545,0.100186883,,,
1.283949985,1.159894586,0.1240554,,,
1.283708542,1.135784626,0.147923916,,,
1.283467099,1.111674666,0.171792432,,,
1.283225655,1.087564707,0.195660949,,,
1.282984212,1.063454747,0.219529465,,,
1.282742769,1.039344788,0.243397981,Prediction Error,,
1.282501325,1.015234828,0.267266497,,,
1.282259882,0.991124928,0.291134954,,,
1.374367433,1.24670887,0.127658563,,,
1.311838205,1.239121795,0.07271641,,,
1.313583993,1.268661141,0.044922852,,,
1.298631606,1.267901421,0.030730185,,,
1.306120004,1.282802701,0.023317303,,,
1.305909589,1.275767088,0.030142501,,,
1.363995415,1.337204456,0.026790959,,,
1.363857779,1.333433509,0.030424271,,,
1.378169483,1.35096705,0.027202433,,,
1.443578399,1.42397356,0.019604839,,,
1.443540611,1.424792528,0.018748083,,,
1.443502822,1.425611496,0.017891327,,,
1.443465034,1.426430464,0.01703457,,,
1.443427246,1.427249432,0.016177814,,,
1.443389457,1.428068399,0.015321058,,,
1.542888862,1.50030458,0.042584283,,,
1.54297534,1.504471421,0.038503919,,,
1.543061818,1.508638263,0.034423555,,,
1.614865375,1.581403971,0.033461404,,,
1.615041387,1.588817596,0.026223791,,,
1.657615241,1.634765267,0.022849973,,,
1.657844184,1.643988013,0.013856171,,,
1.695436532,1.679151297,0.016285235,,,
1.71751255,1.707656384,0.009856166,,,
1.717815356,1.71891129,0.001095935,,,
1.718118161,1.730166197,0.012048036,,,
1.718420967,1.741421103,0.023000136,,,
1.718723773,1.75267601,0.033952237,,,
1.719026578,1.763930917,0.044904338,,,
1.719329384,1.775185823,0.055856439,,,
1.71963219,1.78644073,0.06680854,,,
1.719934996,1.797695637,0.077760641,,,
1.720237801,1.808950543,0.088712742,,,
1.720540607,1.82020545,0.099664843,,,
1.720843413,1.831460357,0.110616944,,,
1.721146218,1.842715263,0.121569045,,,
1.721449024,1.85397017,0.132521146,,,
1.72175183,1.865225077,0.143473247,,,
1.722054636,1.876479983,0.154425348,,,
1.722357441,1.88773489,0.165377449,,,
1.722660247,1.898989797,0.17632955,,,
1.722963053,1.910244703,0.187281651,,,
1.723265858,1.92149961,0.198233752,Prediction Error,,
1.723568664,1.932754517,0.209185852,Prediction Error,,
1.72387147,1.944009423,0.220137953,Prediction Error,,
1.724174276,1.95526433,0.231090054,Prediction Error,,
2.208532616,2.172701836,0.03583078,,,
2.209439736,2.193639755,0.015799981,,,
2.311406756,2.299143553,0.012263203,,,
2.312440042,2.32399416,0.011554117,,,
2.313473329,2.348844767,0.035371437,,,
2.314506616,2.373695374,0.059188757,,,
2.315539903,2.39854598,0.083006077,,,
2.31657319,2.423396587,0.106823397,,,
2.317606477,2.448247194,0.130640717,,,
2.318639764,2.473097801,0.154458037,,,
2.319673051,2.497948408,0.178275357,,,
2.598016936,2.63170743,0.033690494,,,
2.599396428,2.661662102,0.062265673,,,
2.855763032,2.88615799,0.030394958,,,
2.92166348,2.945297956,0.023634477,,,
2.903798004,2.924421787,0.020623783,,,
2.905551462,2.961593866,0.056042405,,,
2.907304919,2.998765945,0.091461026,,,
2.909058377,3.035938025,0.126879647,,,
2.910811835,3.073110104,0.162298269,,,
3.044539146,3.098914623,0.054375478,,,
3.046457365,3.135534048,0.089076683,,,
3.048375584,3.172153473,0.123777889,,,
3.050293803,3.208772898,0.158479095,,,
3.052212022,3.245392323,0.1931803,,,
3.054130241,3.282011747,0.227881506,,,
3.05604846,3.318631172,0.262582712,,,
3.153485216,3.241774321,0.088289105,,,
3.155522684,3.272900343,0.117377659,,,
3.157560152,3.304026365,0.146466213,,,
3.159597621,3.335152388,0.175554767,,,
3.161635089,3.36627841,0.204643321,,,
3.163672557,3.397404432,0.233731875,,,
3.165710025,3.428530455,0.262820429,,,
3.167747494,3.459656477,0.291908983,,,
3.169784962,3.490782499,0.320997537,,,
3.17182243,3.521908522,0.350086091,,,
3.173859898,3.553034544,0.379174646,,,
3.175897367,3.584160566,0.4082632,,,
3.177934835,3.615286589,0.437351754,,,
3.179972303,3.646412611,0.466440308,,,
3.182009771,3.677538633,0.495528862,,,
3.18404724,3.708664656,0.524617416,Unsure what causes this error could be prediction,,
3.692414884,3.869935989,0.177521106,,,
3.787683577,3.88533473,0.097651153,,,
3.790468772,3.921648502,0.13117973,,,
3.838585236,3.905174255,0.06658902,,,
3.841427024,3.938942432,0.097515408,,,
3.844268813,3.972710609,0.128441797,,,
3.847110601,4.006478786,0.159368185,,,
3.84995239,4.040246964,0.190294574,,,
3.852794178,4.074015141,0.221220962,,,
3.855635967,4.107783318,0.252147351,,,
3.858477755,4.141551495,0.283073739,,,
3.861319544,4.175319672,0.314000128,,,
4.157861412,4.269165516,0.111304104,,,
4.161069867,4.305841923,0.144772055,,,
4.283277873,4.356623173,0.073345299,,,
4.314356392,4.359932899,0.045576507,,,
4.31774802,4.395624161,0.077876141,,,
4.419815312,4.460268974,0.040453663,,,
4.42333013,4.497377872,0.074047742,,,
4.498137391,4.535928726,0.037791335,,,
4.568661079,4.596449375,0.027788296,,,
4.618930225,4.641862869,0.022932644,,,
4.687526549,4.708143711,0.020617162,,,
4.633317093,4.652582169,0.019265075,,,
4.666349467,4.684682846,0.018333379,,,
4.67014005,4.719884396,0.049744346,,,
4.736657613,4.763134956,0.026477344,,,
4.782887735,4.804857254,0.021969519,,,
4.75544897,4.775043488,0.019594517,,,
4.806746934,4.824886799,0.018139864,,,
4.789851508,4.806908607,0.017057099,,,
4.761153042,4.777348995,0.016195953,,,
4.804263612,4.819973946,0.015710334,,,
4.81756573,4.832933426,0.015367696,,,
4.917348641,4.93254137,0.01519273,,,
4.921404083,4.964111805,0.042707722,,,
4.900380008,4.923084259,0.022704251,,,
4.904404139,4.951120853,0.046716714,,,
4.908428271,4.979157448,0.070729177,,,
4.912452402,5.007194042,0.09474164,,,
4.916476534,5.035230637,0.118754103,,,
4.920500665,5.063267231,0.142766566,,,
4.924524797,5.091303825,0.166779029,,,
4.928548928,5.11934042,0.190791492,,,
4.93257306,5.147377014,0.214803954,,,
4.936597191,5.175413609,0.238816417,,,
4.940621323,5.203450203,0.26282888,,,
4.944645454,5.231486797,0.286841343,,,
4.948669586,5.259523392,0.310853806,,,
4.952693717,5.287559986,0.334866269,,,
4.956717849,5.315596581,0.358878732,,,
4.96074198,5.343633175,0.382891195,,,
4.964766112,5.371669769,0.406903658,,,
4.968790243,5.399706364,0.430916121,,,
4.972814375,5.427742958,0.454928584,,,
4.976838506,5.455779552,0.478941046,,,
4.980862637,5.483816147,0.502953509,,,
4.984886769,5.511852741,0.526965972,,,
4.9889109,5.539889336,0.550978435,,,
4.992935032,5.56792593,0.574990898,,,
4.996959163,5.595962524,0.599003361,,,
5.000983295,5.623999119,0.623015824,,,
5.005007426,5.652035713,0.647028287,,,
5.009031558,5.680072308,0.67104075,,,
5.013055689,5.708108902,0.695053213,,,
5.017079821,5.736145496,0.719065676,,,
5.021103952,5.764182091,0.743078138,,,
5.025128084,5.792218685,0.767090601,,,
5.029152215,5.82025528,0.791103064,,,
5.033176347,5.848291874,0.815115527,,,
5.037200478,5.876328468,0.83912799,,,
5.04122461,5.904365063,0.863140453,,,
5.045248741,5.932401657,0.887152916,,,
5.049272873,5.960438251,0.911165379,,,
5.053297004,5.988474846,0.935177842,,,
5.057321136,6.01651144,0.959190305,,,
5.061345267,6.044548035,0.983202768,,,
5.065369399,6.072584629,1.00721523,,,
5.06939353,6.100621223,1.031227693,,,
5.073417662,6.128657818,1.055240156,,,
5.077441793,6.156694412,1.079252619,,,
5.081465925,6.184731007,1.103265082,,,
5.085490056,6.212767601,1.127277545,,,
5.089514187,6.240804195,1.151290008,,,
5.093538319,6.26884079,1.175302471,,,
5.09756245,6.296877384,1.199314934,,,
5.101586582,6.324913979,1.223327397,,,
5.105610713,6.352950573,1.24733986,,,
5.109634845,6.380987167,1.271352322,,,
5.113658976,6.409023762,1.295364785,,,
5.117683108,6.437060356,1.319377248,,,
5.121707239,6.465096951,1.343389711,,,
5.125731371,6.493133545,1.367402174,,,
5.129755502,6.521170139,1.391414637,,,
5.133779634,6.549206734,1.4154271,,,
5.137803765,6.577243328,1.439439563,,,
5.141827897,6.605279922,1.463452026,,,
5.145852028,6.633316517,1.487464489,,,
5.14987616,6.661353111,1.511476952,,,
5.153900291,6.689389706,1.535489414,,,
5.157924423,6.7174263,1.559501877,,,
5.161948554,6.745462894,1.58351434,,,
5.165972686,6.773499489,1.607526803,,,
5.169996817,6.801536083,1.631539266,,,
5.174020949,6.829572678,1.655551729,,,
5.17804508,6.857609272,1.679564192,,,
5.182069212,6.885645866,1.703576655,,,
5.186093343,6.913682461,1.727589118,,,
5.190117475,6.941719055,1.751601581,,,
5.194141606,6.96975565,1.775614044,,,
5.198165738,6.997792244,1.799626506,,,
5.202189869,7.025828838,1.823638969,,,
5.206214,7.053865433,1.847651432,,,
5.210238132,7.081902027,1.871663895,,,
5.214262263,7.109938622,1.895676358,,,
5.218286395,7.137975216,1.919688821,,,
5.222310526,7.16601181,1.943701284,,,
5.226334658,7.194048405,1.967713747,,,
5.230358789,7.222084999,1.99172621,,,
5.234382921,7.250121593,2.015738673,,,
5.238407052,7.278158188,2.039751136,,,
5.242431184,7.306194782,2.063763598,Prediction Error will not be present when box idea is applied,,
5.246455315,7.334231377,2.087776061,,,
5.250479447,7.362267971,2.111788524,,,
4.968952002,5.631652832,0.66270083,,,
4.972619639,5.575397015,0.602777375,,,
4.976287277,5.519141197,0.54285392,,,
4.979954915,5.46288538,0.482930465,,,
5.001417965,5.299694538,0.298276573,,,
5.004884665,5.138421535,0.133536871,,,
4.98157605,5.030783176,0.049207126,,,
4.98523192,4.963429928,0.021801992,,,
4.98888779,4.896076679,0.092811111,,,
4.99254366,4.828723431,0.163820229,,,
4.927475742,4.880025864,0.047449878,,,
4.915089258,4.874250889,0.040838369,,,
4.913937138,4.877114773,0.036822365,,,
4.885214064,4.851063251,0.034150812,,,
4.873749453,4.841580391,0.032169062,,,
4.861379185,4.830766678,0.030612507,,,
4.829709969,4.800284386,0.029425583,,,
4.787625659,4.759082317,0.028543342,,,
4.741177235,4.71327734,0.027899895,,,
4.692513993,4.6650877,0.027426293,,,
4.738945245,4.71250391,0.026441335,,,
4.733110688,4.708051205,0.025059483,,,
4.709262313,4.685395718,0.023866596,,,
4.718540852,4.69573307,0.022807781,,,
4.710434362,4.688718319,0.021716043,,,
4.710505971,4.689944744,0.020561226,,,
4.67083566,4.65117979,0.019655869,,,
4.64443377,4.625381947,0.019051824,,,
4.613164234,4.594540596,0.018623638,,,
4.577040823,4.558652401,0.018388422,,,
4.524571314,4.506222725,0.018348589,,,
4.495506176,4.477058887,0.018447288,,,
4.458267514,4.439721584,0.01854593,,,
4.40965373,4.390947819,0.018705912,,,
4.412483326,4.354515553,0.057967774,,,
4.341667975,4.313209534,0.028458441,,,
4.292137049,4.268228054,0.023908995,,,
4.275998616,4.25457716,0.021421456,,,
4.281807555,4.261987209,0.019820345,,,
4.171643268,4.152355671,0.019287597,,,
4.14511489,4.125809193,0.019305697,,,
4.148016069,4.129033566,0.018982503,,,
4.125838967,4.107330799,0.018508168,,,
4.086492506,4.068321228,0.018171278,,,
4.084163624,4.066400528,0.017763096,,,
4.043724786,4.026443481,0.017281304,,,
4.026247693,4.009393692,0.016854001,,,
3.994521678,3.977990389,0.016531289,,,
3.954422331,3.938050985,0.016371346,,,
3.956523978,3.940488815,0.016035163,,,
3.921217299,3.905594349,0.015622951,,,
3.904715069,3.889413595,0.015301473,,,
3.884075297,3.869087219,0.014988078,,,
3.845359996,3.830605984,0.014754012,,,
3.818905174,3.80429101,0.014614164,,,
3.770385432,3.755741835,0.014643597,,,
3.736302569,3.721543074,0.014759495,,,
3.673241316,3.65813756,0.015103756,,,
3.694834239,3.679552555,0.015281684,,,
3.622850209,3.607412815,0.015437394,,,
3.572418416,3.556658983,0.015759432,,,
3.529277608,3.513217688,0.016059921,,,
3.508101088,3.491902828,0.016198259,,,
3.460966081,3.444628716,0.016337365,,,
3.38420881,3.367467403,0.016741407,,,
3.418653103,3.401812553,0.016840549,,,
3.400842771,3.384434223,0.016408548,,,
3.368943175,3.353026152,0.015917023,,,
3.278498426,3.26248765,0.016010776,,,
3.233671676,3.217239857,0.016431819,,,
3.231085466,3.214600086,0.01648538,,,
3.218522224,3.202307701,0.016214523,,,
3.188689342,3.172770739,0.015918603,,,
3.123083132,3.107129812,0.015953319,,,
3.077991695,3.06180501,0.016186685,,,
3.077260673,3.061047316,0.016213358,,,
3.043612857,3.02757287,0.016039987,,,
3.012644085,2.996832132,0.015811952,,,
2.978096056,2.962506771,0.015589285,,,
2.93483681,2.919327021,0.01550979,,,
2.93673933,2.921359539,0.015379791,,,
2.866662044,2.851280451,0.015381593,,,
2.864873886,2.849506855,0.015367031,,,
2.817302687,2.802010059,0.015292628,,,
2.838314086,2.823242664,0.015071421,,,
2.828254229,2.813587189,0.01466704,,,
2.770501163,2.756171465,0.014329698,,,
2.704274583,2.689951897,0.014322686,,,
2.629369869,2.614642382,0.014727487,,,
2.626598281,2.611560822,0.01503746,,,
2.583740817,2.568479538,0.015261279,,,
2.573960388,2.558592796,0.015367592,,,
2.510271194,2.494860888,0.015410306,,,
2.49524414,2.479881287,0.015362853,,,
2.493604021,2.478461742,0.015142278,,,
2.435810679,2.420747995,0.015062683,,,
2.350429715,2.334959984,0.015469731,,,
2.369819861,2.354094028,0.015725833,,,
2.357924374,2.342481375,0.015443,,,
2.31988945,2.304765463,0.015123987,,,
2.261317108,2.24621582,0.015101288,,,
2.214113764,2.198832512,0.015281252,,,
2.189282132,2.17390132,0.015380813,,,
2.189217895,2.140557289,0.048660606,,,
2.181965612,2.15929985,0.022665762,,,
2.134832816,2.11639905,0.018433767,,,
2.087444385,2.070920706,0.016523679,,,
2.034459363,2.0187397,0.015719662,,,
2.046480236,2.031270742,0.015209494,,,
2.035873138,2.021130323,0.014742815,,,
2.011992027,1.997688055,0.014303972,,,
1.959001443,1.944904685,0.014096758,,,
1.978519017,1.964598298,0.013920719,,,
1.953985744,1.940289855,0.013695889,,,
1.95304449,1.939630985,0.013413505,,,
1.922229492,1.909095883,0.013133609,,,
1.8831331,1.870065928,0.013067172,,,
1.888885678,1.875921845,0.012963833,,,
1.871208082,1.858459711,0.012748371,,,
1.853577284,1.840993166,0.012584118,,,
1.821214787,1.808770418,0.012444369,,,
1.815567371,1.803301334,0.012266037,,,
1.80616229,1.794145703,0.012016586,,,
1.800007066,1.78832221,0.011684856,,,
1.770818194,1.759390712,0.011427483,,,
1.785312662,1.774137497,0.011175165,,,
1.730551249,1.719595551,0.010955698,,,
1.729924808,1.696585774,0.033339034,,,
1.729298367,1.673575997,0.055722369,,,
1.728671926,1.65056622,0.078105705,,,
1.728045484,1.627556443,0.100489041,,,
1.727419043,1.604546666,0.122872377,,,
1.726792602,1.581536889,0.145255713,,,
1.726166161,1.558527112,0.167639049,,,
1.72553972,1.535517335,0.190022385,,,
1.724913279,1.512507558,0.212405721,,,
1.724286837,1.489497781,0.234789057,,,
1.723660396,1.466488004,0.257172392,,,
1.723033955,1.443478227,0.279555728,,,
1.722407514,1.42046845,0.301939064,Dissapeared ,,
1.721781073,1.397458673,0.3243224,,,
1.721154632,1.374448895,0.346705736,,,
1.72052819,1.351439118,0.369089072,,,
1.719901749,1.328429341,0.391472408,,,
1.719275308,1.305419564,0.413855744,,,
1.718648867,1.282409787,0.43623908,,,
1.718022426,1.25940001,0.458622415,,,
1.717395984,1.236390233,0.481005751,,,
1.716769543,1.213380456,0.503389087,,,
1.716143102,1.190370679,0.525772423,,,
1.715516661,1.167360902,0.548155759,,,
1.71489022,1.144351125,0.570539095,,,
1.714263779,1.121341348,0.592922431,,,
1.713637337,1.098331571,0.615305767,,,
1.713010896,1.075321794,0.637689103,,,
1.712384455,1.052312016,0.660072439,,,
1.711758014,1.029302239,0.682455774,,,
1.711131573,1.006292462,0.70483911,,,
1.710505131,0.983282745,0.727222387,,,
1.70987869,0.960273027,0.749605663,,,
1.709252249,0.93726331,0.771988939,,,
1.708625808,0.914253592,0.794372215,,,
1.707999367,0.891243875,0.816755492,,,
1.707372926,0.868234158,0.839138768,,,
1.706746484,0.84522444,0.861522044,,,
1.706120043,0.822214723,0.883905321,,,
1.705493602,0.799205005,0.906288597,,,
1.704867161,0.776195288,0.928671873,,,
1.70424072,0.75318557,0.951055149,,,
1.703614278,0.730175853,0.973438426,,,
1.702987837,0.707166135,0.995821702,,,
1.702361396,0.684156418,1.018204978,,,
1.701734955,0.6611467,1.040588255,,,
1.701108514,0.638136983,1.062971531,,,
1.700482073,0.615127265,1.085354807,,,
1.699855631,0.592117548,1.107738083,,,
1.69922919,0.569107831,1.13012136,,,
1.698602749,0.546098113,1.152504636,,,
1.697976308,0.523088396,1.174887912,,,
1.697349867,0.500078678,1.197271189,,,
1.696723426,0.477068931,1.219654495,,,
1.696096984,0.454059184,1.242037801,,,
1.695470543,0.431049436,1.264421107,,,
1.694844102,0.408039689,1.286804413,,,
1.694217661,0.385029942,1.309187719,,,
1.69359122,0.362020195,1.331571025,,,
1.692964778,0.339010447,1.353954331,,,
1.692338337,0.3160007,1.376337637,,,
1.691711896,0.292990953,1.398720943,,,
1.691085455,0.269981205,1.421104249,,,
